,cv_step,th_majority,th_mode,th_multiplier,mk_size,accuracy,recall,specificity,precision,dt_mean,dt_std,dt_median
0,0,0.1,simple,1.0,3,0.87,0.75,1.0,1.0,4.359,7.973,0.0
1,0,0.1,simple,1.0,5,0.87,0.75,1.0,1.0,5.821,8.927,0.0
2,0,0.1,simple,1.0,7,0.87,0.75,1.0,1.0,5.718,8.936,0.0
3,0,0.1,simple,1.05,3,0.87,0.75,1.0,1.0,4.436,7.951,0.0
4,0,0.1,simple,1.05,5,0.87,0.75,1.0,1.0,5.897,8.895,0.0
5,0,0.1,simple,1.05,7,0.87,0.75,1.0,1.0,7.359,12.54,0.0
6,0,0.1,simple,1.1,3,0.87,0.75,1.0,1.0,4.513,7.935,0.0
7,0,0.1,simple,1.1,5,0.87,0.75,1.0,1.0,5.974,8.868,0.0
8,0,0.1,simple,1.1,7,0.87,0.75,1.0,1.0,7.436,12.512,0.0
9,0,0.1,simple,1.15,3,0.87,0.75,1.0,1.0,6.846,14.947,0.0
10,0,0.1,simple,1.15,5,0.87,0.75,1.0,1.0,9.872,17.389,1.0
11,0,0.1,simple,1.15,7,0.87,0.75,1.0,1.0,11.59,21.718,1.0
12,0,0.1,simple,1.2,3,0.86,0.731,1.0,1.0,7.605,19.237,0.0
13,0,0.1,simple,1.2,5,0.86,0.731,1.0,1.0,10.737,21.118,0.5
14,0,0.1,simple,1.2,7,0.86,0.731,1.0,1.0,10.632,21.147,0.5
15,0,0.1,daytime,1.0,3,0.94,0.923,0.958,0.96,5.25,9.681,0.0
16,0,0.1,daytime,1.0,5,0.95,0.904,1.0,1.0,6.128,8.729,0.0
17,0,0.1,daytime,1.0,7,0.95,0.904,1.0,1.0,6.362,9.247,0.0
18,0,0.1,daytime,1.05,3,0.94,0.904,0.979,0.979,4.319,7.062,0.0
19,0,0.1,daytime,1.05,5,0.95,0.904,1.0,1.0,6.213,8.8,0.0
20,0,0.1,daytime,1.05,7,0.95,0.904,1.0,1.0,6.447,9.312,0.0
21,0,0.1,daytime,1.1,3,0.95,0.904,1.0,1.0,5.043,8.124,0.0
22,0,0.1,daytime,1.1,5,0.95,0.904,1.0,1.0,6.574,9.328,1.0
23,0,0.1,daytime,1.1,7,0.95,0.904,1.0,1.0,6.894,9.84,1.0
24,0,0.1,daytime,1.15,3,0.95,0.904,1.0,1.0,5.064,8.122,0.0
25,0,0.1,daytime,1.15,5,0.95,0.904,1.0,1.0,6.617,9.373,1.0
26,0,0.1,daytime,1.15,7,0.95,0.904,1.0,1.0,6.936,9.881,1.0
27,0,0.1,daytime,1.2,3,0.95,0.904,1.0,1.0,5.064,8.122,0.0
28,0,0.1,daytime,1.2,5,0.95,0.904,1.0,1.0,6.66,9.478,1.0
29,0,0.1,daytime,1.2,7,0.95,0.904,1.0,1.0,6.979,9.98,1.0
30,0,0.2,simple,1.0,3,0.84,0.692,1.0,1.0,6.222,12.466,0.0
31,0,0.2,simple,1.0,5,0.84,0.692,1.0,1.0,8.472,13.403,0.5
32,0,0.2,simple,1.0,7,0.83,0.673,1.0,1.0,7.857,13.082,0.0
33,0,0.2,simple,1.05,3,0.83,0.673,1.0,1.0,8.8,17.867,0.0
34,0,0.2,simple,1.05,5,0.83,0.673,1.0,1.0,10.229,18.164,0.0
35,0,0.2,simple,1.05,7,0.82,0.654,1.0,1.0,8.059,13.224,0.0
36,0,0.2,simple,1.1,3,0.82,0.654,1.0,1.0,6.647,12.721,0.0
37,0,0.2,simple,1.1,5,0.82,0.654,1.0,1.0,8.088,13.216,0.0
38,0,0.2,simple,1.1,7,0.82,0.654,1.0,1.0,8.088,13.216,0.0
39,0,0.2,simple,1.15,3,0.82,0.654,1.0,1.0,6.706,12.718,0.0
40,0,0.2,simple,1.15,5,0.81,0.635,1.0,1.0,8.182,13.404,0.0
41,0,0.2,simple,1.15,7,0.81,0.635,1.0,1.0,8.182,13.404,0.0
42,0,0.2,simple,1.2,3,0.81,0.635,1.0,1.0,6.697,12.909,0.0
43,0,0.2,simple,1.2,5,0.81,0.635,1.0,1.0,8.182,13.404,0.0
44,0,0.2,simple,1.2,7,0.81,0.635,1.0,1.0,8.182,13.404,0.0
45,0,0.2,daytime,1.0,3,0.95,0.904,1.0,1.0,5.404,8.294,0.0
46,0,0.2,daytime,1.0,5,0.95,0.904,1.0,1.0,7.277,10.042,1.0
47,0,0.2,daytime,1.0,7,0.95,0.904,1.0,1.0,7.213,10.059,1.0
48,0,0.2,daytime,1.05,3,0.95,0.904,1.0,1.0,5.809,8.848,0.0
49,0,0.2,daytime,1.05,5,0.95,0.904,1.0,1.0,7.404,10.054,1.0
50,0,0.2,daytime,1.05,7,0.95,0.904,1.0,1.0,7.298,10.07,1.0
51,0,0.2,daytime,1.1,3,0.95,0.904,1.0,1.0,6.213,9.713,0.0
52,0,0.2,daytime,1.1,5,0.95,0.904,1.0,1.0,9.106,16.004,1.0
53,0,0.2,daytime,1.1,7,0.95,0.904,1.0,1.0,9.0,16.025,1.0
54,0,0.2,daytime,1.15,3,0.95,0.904,1.0,1.0,8.0,16.203,0.0
55,0,0.2,daytime,1.15,5,0.95,0.904,1.0,1.0,9.17,16.251,1.0
56,0,0.2,daytime,1.15,7,0.95,0.904,1.0,1.0,9.149,16.612,1.0
57,0,0.2,daytime,1.2,3,0.95,0.904,1.0,1.0,8.064,16.216,0.0
58,0,0.2,daytime,1.2,5,0.95,0.904,1.0,1.0,9.234,16.259,2.0
59,0,0.2,daytime,1.2,7,0.94,0.885,1.0,1.0,10.913,21.433,1.5
60,0,0.3,simple,1.0,3,0.82,0.654,1.0,1.0,7.941,13.521,0.0
61,0,0.3,simple,1.0,5,0.81,0.635,1.0,1.0,9.485,14.115,1.0
62,0,0.3,simple,1.0,7,0.81,0.635,1.0,1.0,14.788,37.296,1.0
63,0,0.3,simple,1.05,3,0.81,0.635,1.0,1.0,8.061,13.72,0.0
64,0,0.3,simple,1.05,5,0.8,0.615,1.0,1.0,8.719,13.447,0.5
65,0,0.3,simple,1.05,7,0.8,0.615,1.0,1.0,8.719,13.447,0.5
66,0,0.3,simple,1.1,3,0.8,0.615,1.0,1.0,7.25,13.012,0.0
67,0,0.3,simple,1.1,5,0.8,0.615,1.0,1.0,8.781,13.453,0.5
68,0,0.3,simple,1.1,7,0.8,0.615,1.0,1.0,8.781,13.453,0.5
69,0,0.3,simple,1.15,3,0.8,0.615,1.0,1.0,7.375,13.033,0.0
70,0,0.3,simple,1.15,5,0.8,0.615,1.0,1.0,8.906,13.459,1.0
71,0,0.3,simple,1.15,7,0.8,0.615,1.0,1.0,8.906,13.459,1.0
72,0,0.3,simple,1.2,3,0.79,0.596,1.0,1.0,9.129,17.551,0.0
73,0,0.3,simple,1.2,5,0.78,0.577,1.0,1.0,9.0,15.295,0.5
74,0,0.3,simple,1.2,7,0.78,0.577,1.0,1.0,9.0,15.295,0.5
75,0,0.3,daytime,1.0,3,0.93,0.865,1.0,1.0,14.222,27.115,0.0
76,0,0.3,daytime,1.0,5,0.93,0.865,1.0,1.0,19.333,34.677,6.0
77,0,0.3,daytime,1.0,7,0.92,0.846,1.0,1.0,17.295,32.58,4.0
78,0,0.3,daytime,1.05,3,0.93,0.865,1.0,1.0,14.244,27.188,0.0
79,0,0.3,daytime,1.05,5,0.91,0.827,1.0,1.0,16.163,26.841,6.0
80,0,0.3,daytime,1.05,7,0.91,0.827,1.0,1.0,16.163,26.841,6.0
81,0,0.3,daytime,1.1,3,0.91,0.827,1.0,1.0,14.419,26.381,0.0
82,0,0.3,daytime,1.1,5,0.91,0.827,1.0,1.0,16.256,27.078,6.0
83,0,0.3,daytime,1.1,7,0.9,0.808,1.0,1.0,14.143,23.637,3.5
84,0,0.3,daytime,1.15,3,0.9,0.808,1.0,1.0,15.786,33.583,0.0
85,0,0.3,daytime,1.15,5,0.88,0.769,1.0,1.0,17.625,34.845,0.5
86,0,0.3,daytime,1.15,7,0.88,0.769,1.0,1.0,17.65,34.833,1.0
87,0,0.3,daytime,1.2,3,0.87,0.75,1.0,1.0,13.436,31.969,0.0
88,0,0.3,daytime,1.2,5,0.86,0.731,1.0,1.0,11.395,19.904,0.5
89,0,0.3,daytime,1.2,7,0.86,0.731,1.0,1.0,11.342,19.924,0.5
90,0,0.4,simple,1.0,3,0.77,0.558,1.0,1.0,8.138,14.727,0.0
91,0,0.4,simple,1.0,5,0.77,0.558,1.0,1.0,9.207,15.994,0.0
92,0,0.4,simple,1.0,7,0.77,0.558,1.0,1.0,9.207,15.994,0.0
93,0,0.4,simple,1.05,3,0.75,0.519,1.0,1.0,6.37,10.404,0.0
94,0,0.4,simple,1.05,5,0.75,0.519,1.0,1.0,7.222,10.702,0.0
95,0,0.4,simple,1.05,7,0.75,0.519,1.0,1.0,7.222,10.702,0.0
96,0,0.4,simple,1.1,3,0.75,0.519,1.0,1.0,7.815,15.566,0.0
97,0,0.4,simple,1.1,5,0.75,0.519,1.0,1.0,8.667,15.689,0.0
98,0,0.4,simple,1.1,7,0.75,0.519,1.0,1.0,8.741,15.747,0.0
99,0,0.4,simple,1.15,3,0.75,0.519,1.0,1.0,12.889,30.833,0.0
100,0,0.4,simple,1.15,5,0.75,0.519,1.0,1.0,13.741,30.755,1.0
101,0,0.4,simple,1.15,7,0.75,0.519,1.0,1.0,13.704,30.754,1.0
102,0,0.4,simple,1.2,3,0.75,0.519,1.0,1.0,15.222,32.59,0.0
103,0,0.4,simple,1.2,5,0.75,0.519,1.0,1.0,16.037,32.465,1.0
104,0,0.4,simple,1.2,7,0.75,0.519,1.0,1.0,17.852,36.728,1.0
105,0,0.4,daytime,1.0,3,0.84,0.692,1.0,1.0,12.5,23.98,0.0
106,0,0.4,daytime,1.0,5,0.83,0.673,1.0,1.0,21.057,51.097,6.0
107,0,0.4,daytime,1.0,7,0.83,0.673,1.0,1.0,25.171,73.649,6.0
108,0,0.4,daytime,1.05,3,0.84,0.692,1.0,1.0,12.5,23.98,0.0
109,0,0.4,daytime,1.05,5,0.83,0.673,1.0,1.0,21.057,51.097,6.0
110,0,0.4,daytime,1.05,7,0.82,0.654,1.0,1.0,13.059,21.181,3.5
111,0,0.4,daytime,1.1,3,0.83,0.673,1.0,1.0,10.829,20.495,0.0
112,0,0.4,daytime,1.1,5,0.82,0.654,1.0,1.0,13.088,21.222,3.5
113,0,0.4,daytime,1.1,7,0.82,0.654,1.0,1.0,14.353,21.681,7.0
114,0,0.4,daytime,1.15,3,0.83,0.673,1.0,1.0,11.771,20.727,0.0
115,0,0.4,daytime,1.15,5,0.82,0.654,1.0,1.0,15.382,27.387,3.5
116,0,0.4,daytime,1.15,7,0.82,0.654,1.0,1.0,16.735,27.703,7.0
117,0,0.4,daytime,1.2,3,0.83,0.673,1.0,1.0,13.657,21.951,1.0
118,0,0.4,daytime,1.2,5,0.82,0.654,1.0,1.0,16.941,27.838,7.0
119,0,0.4,daytime,1.2,7,0.81,0.635,1.0,1.0,15.97,27.71,6.0
120,0,0.5,simple,1.0,3,0.63,0.288,1.0,1.0,24.067,34.187,12.0
121,0,0.5,simple,1.0,5,0.61,0.25,1.0,1.0,23.231,35.175,15.0
122,0,0.5,simple,1.0,7,0.6,0.231,1.0,1.0,14.75,13.614,15.0
123,0,0.5,simple,1.05,3,0.63,0.288,1.0,1.0,26.4,34.15,18.0
124,0,0.5,simple,1.05,5,0.59,0.212,1.0,1.0,13.091,12.788,12.0
125,0,0.5,simple,1.05,7,0.59,0.212,1.0,1.0,26.091,39.89,18.0
126,0,0.5,simple,1.1,3,0.6,0.231,1.0,1.0,25.333,36.516,15.0
127,0,0.5,simple,1.1,5,0.58,0.192,1.0,1.0,14.3,13.244,15.0
128,0,0.5,simple,1.1,7,0.58,0.192,1.0,1.0,14.3,13.244,15.0
129,0,0.5,simple,1.15,3,0.59,0.212,1.0,1.0,41.455,65.73,12.0
130,0,0.5,simple,1.15,5,0.57,0.173,1.0,1.0,13.667,14.43,12.0
131,0,0.5,simple,1.15,7,0.57,0.173,1.0,1.0,13.556,14.214,12.0
132,0,0.5,simple,1.2,3,0.58,0.192,1.0,1.0,47.6,71.021,15.0
133,0,0.5,simple,1.2,5,0.56,0.154,1.0,1.0,15.5,15.017,15.0
134,0,0.5,simple,1.2,7,0.56,0.154,1.0,1.0,15.5,15.017,15.0
135,0,0.5,daytime,1.0,3,0.75,0.519,1.0,1.0,22.741,44.723,8.0
136,0,0.5,daytime,1.0,5,0.72,0.462,1.0,1.0,16.042,17.511,10.0
137,0,0.5,daytime,1.0,7,0.72,0.462,1.0,1.0,18.375,19.576,11.5
138,0,0.5,daytime,1.05,3,0.73,0.481,1.0,1.0,15.6,19.269,8.0
139,0,0.5,daytime,1.05,5,0.72,0.462,1.0,1.0,18.542,19.803,11.5
140,0,0.5,daytime,1.05,7,0.72,0.462,1.0,1.0,18.542,19.803,11.5
141,0,0.5,daytime,1.1,3,0.72,0.462,1.0,1.0,16.25,19.396,8.5
142,0,0.5,daytime,1.1,5,0.72,0.462,1.0,1.0,18.583,19.765,11.5
143,0,0.5,daytime,1.1,7,0.72,0.462,1.0,1.0,26.208,44.989,11.5
144,0,0.5,daytime,1.15,3,0.72,0.462,1.0,1.0,18.167,19.978,10.0
145,0,0.5,daytime,1.15,5,0.72,0.462,1.0,1.0,18.667,19.895,11.5
146,0,0.5,daytime,1.15,7,0.71,0.442,1.0,1.0,25.13,45.559,11.0
147,0,0.5,daytime,1.2,3,0.72,0.462,1.0,1.0,18.375,20.02,10.5
148,0,0.5,daytime,1.2,5,0.71,0.442,1.0,1.0,17.696,19.436,12.0
149,0,0.5,daytime,1.2,7,0.68,0.385,1.0,1.0,14.3,18.039,9.0
150,0,0.6,simple,1.0,3,0.53,0.096,1.0,1.0,23.8,28.456,12.0
151,0,0.6,simple,1.0,5,0.52,0.077,1.0,1.0,10.75,12.676,6.0
152,0,0.6,simple,1.0,7,0.52,0.077,1.0,1.0,10.75,12.676,6.0
153,0,0.6,simple,1.05,3,0.52,0.077,1.0,1.0,10.75,12.676,6.0
154,0,0.6,simple,1.05,5,0.52,0.077,1.0,1.0,10.75,12.676,6.0
155,0,0.6,simple,1.05,7,0.52,0.077,1.0,1.0,10.75,12.676,6.0
156,0,0.6,simple,1.1,3,0.52,0.077,1.0,1.0,10.75,12.676,6.0
157,0,0.6,simple,1.1,5,0.52,0.077,1.0,1.0,10.75,12.676,6.0
158,0,0.6,simple,1.1,7,0.52,0.077,1.0,1.0,10.75,12.676,6.0
159,0,0.6,simple,1.15,3,0.52,0.077,1.0,1.0,21.75,16.947,21.5
160,0,0.6,simple,1.15,5,0.52,0.077,1.0,1.0,21.75,16.947,21.5
161,0,0.6,simple,1.15,7,0.52,0.077,1.0,1.0,21.75,16.947,21.5
162,0,0.6,simple,1.2,3,0.52,0.077,1.0,1.0,34.0,35.812,21.5
163,0,0.6,simple,1.2,5,0.51,0.058,1.0,1.0,14.333,12.763,12.0
164,0,0.6,simple,1.2,7,0.51,0.058,1.0,1.0,14.333,12.763,12.0
165,0,0.6,daytime,1.0,3,0.57,0.173,1.0,1.0,16.556,24.3,8.0
166,0,0.6,daytime,1.0,5,0.57,0.173,1.0,1.0,16.667,24.29,8.0
167,0,0.6,daytime,1.0,7,0.57,0.173,1.0,1.0,17.0,24.207,8.0
168,0,0.6,daytime,1.05,3,0.56,0.154,1.0,1.0,8.75,9.808,6.0
169,0,0.6,daytime,1.05,5,0.56,0.154,1.0,1.0,12.375,12.328,9.0
170,0,0.6,daytime,1.05,7,0.56,0.154,1.0,1.0,12.375,12.328,9.0
171,0,0.6,daytime,1.1,3,0.56,0.154,1.0,1.0,8.75,9.808,6.0
172,0,0.6,daytime,1.1,5,0.56,0.154,1.0,1.0,12.625,12.298,10.0
173,0,0.6,daytime,1.1,7,0.56,0.154,1.0,1.0,14.0,12.757,10.0
174,0,0.6,daytime,1.15,3,0.56,0.154,1.0,1.0,11.25,12.891,6.0
175,0,0.6,daytime,1.15,5,0.56,0.154,1.0,1.0,12.625,12.298,10.0
176,0,0.6,daytime,1.15,7,0.56,0.154,1.0,1.0,14.0,12.757,10.0
177,0,0.6,daytime,1.2,3,0.56,0.154,1.0,1.0,11.75,12.833,8.0
178,0,0.6,daytime,1.2,5,0.56,0.154,1.0,1.0,14.75,12.774,12.0
179,0,0.6,daytime,1.2,7,0.56,0.154,1.0,1.0,14.75,12.666,11.5
180,0,0.7,simple,1.0,3,0.48,0.0,1.0,0.0,999999999.0,0.0,999999999.0
181,0,0.7,simple,1.0,5,0.48,0.0,1.0,0.0,999999999.0,0.0,999999999.0
182,0,0.7,simple,1.0,7,0.48,0.0,1.0,0.0,999999999.0,0.0,999999999.0
183,0,0.7,simple,1.05,3,0.48,0.0,1.0,0.0,999999999.0,0.0,999999999.0
184,0,0.7,simple,1.05,5,0.48,0.0,1.0,0.0,999999999.0,0.0,999999999.0
185,0,0.7,simple,1.05,7,0.48,0.0,1.0,0.0,999999999.0,0.0,999999999.0
186,0,0.7,simple,1.1,3,0.48,0.0,1.0,0.0,999999999.0,0.0,999999999.0
187,0,0.7,simple,1.1,5,0.48,0.0,1.0,0.0,999999999.0,0.0,999999999.0
188,0,0.7,simple,1.1,7,0.48,0.0,1.0,0.0,999999999.0,0.0,999999999.0
189,0,0.7,simple,1.15,3,0.48,0.0,1.0,0.0,999999999.0,0.0,999999999.0
190,0,0.7,simple,1.15,5,0.48,0.0,1.0,0.0,999999999.0,0.0,999999999.0
191,0,0.7,simple,1.15,7,0.48,0.0,1.0,0.0,999999999.0,0.0,999999999.0
192,0,0.7,simple,1.2,3,0.48,0.0,1.0,0.0,999999999.0,0.0,999999999.0
193,0,0.7,simple,1.2,5,0.48,0.0,1.0,0.0,999999999.0,0.0,999999999.0
194,0,0.7,simple,1.2,7,0.48,0.0,1.0,0.0,999999999.0,0.0,999999999.0
195,0,0.7,daytime,1.0,3,0.49,0.019,1.0,1.0,71.0,0.0,71.0
196,0,0.7,daytime,1.0,5,0.48,0.0,1.0,0.0,999999999.0,0.0,999999999.0
197,0,0.7,daytime,1.0,7,0.48,0.0,1.0,0.0,999999999.0,0.0,999999999.0
198,0,0.7,daytime,1.05,3,0.49,0.019,1.0,1.0,71.0,0.0,71.0
199,0,0.7,daytime,1.05,5,0.48,0.0,1.0,0.0,999999999.0,0.0,999999999.0
200,0,0.7,daytime,1.05,7,0.48,0.0,1.0,0.0,999999999.0,0.0,999999999.0
201,0,0.7,daytime,1.1,3,0.49,0.019,1.0,1.0,71.0,0.0,71.0
202,0,0.7,daytime,1.1,5,0.48,0.0,1.0,0.0,999999999.0,0.0,999999999.0
203,0,0.7,daytime,1.1,7,0.48,0.0,1.0,0.0,999999999.0,0.0,999999999.0
204,0,0.7,daytime,1.15,3,0.49,0.019,1.0,1.0,71.0,0.0,71.0
205,0,0.7,daytime,1.15,5,0.48,0.0,1.0,0.0,999999999.0,0.0,999999999.0
206,0,0.7,daytime,1.15,7,0.48,0.0,1.0,0.0,999999999.0,0.0,999999999.0
207,0,0.7,daytime,1.2,3,0.49,0.019,1.0,1.0,71.0,0.0,71.0
208,0,0.7,daytime,1.2,5,0.48,0.0,1.0,0.0,999999999.0,0.0,999999999.0
209,0,0.7,daytime,1.2,7,0.48,0.0,1.0,0.0,999999999.0,0.0,999999999.0
210,0,0.8,simple,1.0,3,0.48,0.0,1.0,0.0,999999999.0,0.0,999999999.0
211,0,0.8,simple,1.0,5,0.48,0.0,1.0,0.0,999999999.0,0.0,999999999.0
212,0,0.8,simple,1.0,7,0.48,0.0,1.0,0.0,999999999.0,0.0,999999999.0
213,0,0.8,simple,1.05,3,0.48,0.0,1.0,0.0,999999999.0,0.0,999999999.0
214,0,0.8,simple,1.05,5,0.48,0.0,1.0,0.0,999999999.0,0.0,999999999.0
215,0,0.8,simple,1.05,7,0.48,0.0,1.0,0.0,999999999.0,0.0,999999999.0
216,0,0.8,simple,1.1,3,0.48,0.0,1.0,0.0,999999999.0,0.0,999999999.0
217,0,0.8,simple,1.1,5,0.48,0.0,1.0,0.0,999999999.0,0.0,999999999.0
218,0,0.8,simple,1.1,7,0.48,0.0,1.0,0.0,999999999.0,0.0,999999999.0
219,0,0.8,simple,1.15,3,0.48,0.0,1.0,0.0,999999999.0,0.0,999999999.0
220,0,0.8,simple,1.15,5,0.48,0.0,1.0,0.0,999999999.0,0.0,999999999.0
221,0,0.8,simple,1.15,7,0.48,0.0,1.0,0.0,999999999.0,0.0,999999999.0
222,0,0.8,simple,1.2,3,0.48,0.0,1.0,0.0,999999999.0,0.0,999999999.0
223,0,0.8,simple,1.2,5,0.48,0.0,1.0,0.0,999999999.0,0.0,999999999.0
224,0,0.8,simple,1.2,7,0.48,0.0,1.0,0.0,999999999.0,0.0,999999999.0
225,0,0.8,daytime,1.0,3,0.48,0.0,1.0,0.0,999999999.0,0.0,999999999.0
226,0,0.8,daytime,1.0,5,0.48,0.0,1.0,0.0,999999999.0,0.0,999999999.0
227,0,0.8,daytime,1.0,7,0.48,0.0,1.0,0.0,999999999.0,0.0,999999999.0
228,0,0.8,daytime,1.05,3,0.48,0.0,1.0,0.0,999999999.0,0.0,999999999.0
229,0,0.8,daytime,1.05,5,0.48,0.0,1.0,0.0,999999999.0,0.0,999999999.0
230,0,0.8,daytime,1.05,7,0.48,0.0,1.0,0.0,999999999.0,0.0,999999999.0
231,0,0.8,daytime,1.1,3,0.48,0.0,1.0,0.0,999999999.0,0.0,999999999.0
232,0,0.8,daytime,1.1,5,0.48,0.0,1.0,0.0,999999999.0,0.0,999999999.0
233,0,0.8,daytime,1.1,7,0.48,0.0,1.0,0.0,999999999.0,0.0,999999999.0
234,0,0.8,daytime,1.15,3,0.48,0.0,1.0,0.0,999999999.0,0.0,999999999.0
235,0,0.8,daytime,1.15,5,0.48,0.0,1.0,0.0,999999999.0,0.0,999999999.0
236,0,0.8,daytime,1.15,7,0.48,0.0,1.0,0.0,999999999.0,0.0,999999999.0
237,0,0.8,daytime,1.2,3,0.48,0.0,1.0,0.0,999999999.0,0.0,999999999.0
238,0,0.8,daytime,1.2,5,0.48,0.0,1.0,0.0,999999999.0,0.0,999999999.0
239,0,0.8,daytime,1.2,7,0.48,0.0,1.0,0.0,999999999.0,0.0,999999999.0
240,0,0.9,simple,1.0,3,0.48,0.0,1.0,0.0,999999999.0,0.0,999999999.0
241,0,0.9,simple,1.0,5,0.48,0.0,1.0,0.0,999999999.0,0.0,999999999.0
242,0,0.9,simple,1.0,7,0.48,0.0,1.0,0.0,999999999.0,0.0,999999999.0
243,0,0.9,simple,1.05,3,0.48,0.0,1.0,0.0,999999999.0,0.0,999999999.0
244,0,0.9,simple,1.05,5,0.48,0.0,1.0,0.0,999999999.0,0.0,999999999.0
245,0,0.9,simple,1.05,7,0.48,0.0,1.0,0.0,999999999.0,0.0,999999999.0
246,0,0.9,simple,1.1,3,0.48,0.0,1.0,0.0,999999999.0,0.0,999999999.0
247,0,0.9,simple,1.1,5,0.48,0.0,1.0,0.0,999999999.0,0.0,999999999.0
248,0,0.9,simple,1.1,7,0.48,0.0,1.0,0.0,999999999.0,0.0,999999999.0
249,0,0.9,simple,1.15,3,0.48,0.0,1.0,0.0,999999999.0,0.0,999999999.0
250,0,0.9,simple,1.15,5,0.48,0.0,1.0,0.0,999999999.0,0.0,999999999.0
251,0,0.9,simple,1.15,7,0.48,0.0,1.0,0.0,999999999.0,0.0,999999999.0
252,0,0.9,simple,1.2,3,0.48,0.0,1.0,0.0,999999999.0,0.0,999999999.0
253,0,0.9,simple,1.2,5,0.48,0.0,1.0,0.0,999999999.0,0.0,999999999.0
254,0,0.9,simple,1.2,7,0.48,0.0,1.0,0.0,999999999.0,0.0,999999999.0
255,0,0.9,daytime,1.0,3,0.48,0.0,1.0,0.0,999999999.0,0.0,999999999.0
256,0,0.9,daytime,1.0,5,0.48,0.0,1.0,0.0,999999999.0,0.0,999999999.0
257,0,0.9,daytime,1.0,7,0.48,0.0,1.0,0.0,999999999.0,0.0,999999999.0
258,0,0.9,daytime,1.05,3,0.48,0.0,1.0,0.0,999999999.0,0.0,999999999.0
259,0,0.9,daytime,1.05,5,0.48,0.0,1.0,0.0,999999999.0,0.0,999999999.0
260,0,0.9,daytime,1.05,7,0.48,0.0,1.0,0.0,999999999.0,0.0,999999999.0
261,0,0.9,daytime,1.1,3,0.48,0.0,1.0,0.0,999999999.0,0.0,999999999.0
262,0,0.9,daytime,1.1,5,0.48,0.0,1.0,0.0,999999999.0,0.0,999999999.0
263,0,0.9,daytime,1.1,7,0.48,0.0,1.0,0.0,999999999.0,0.0,999999999.0
264,0,0.9,daytime,1.15,3,0.48,0.0,1.0,0.0,999999999.0,0.0,999999999.0
265,0,0.9,daytime,1.15,5,0.48,0.0,1.0,0.0,999999999.0,0.0,999999999.0
266,0,0.9,daytime,1.15,7,0.48,0.0,1.0,0.0,999999999.0,0.0,999999999.0
267,0,0.9,daytime,1.2,3,0.48,0.0,1.0,0.0,999999999.0,0.0,999999999.0
268,0,0.9,daytime,1.2,5,0.48,0.0,1.0,0.0,999999999.0,0.0,999999999.0
269,0,0.9,daytime,1.2,7,0.48,0.0,1.0,0.0,999999999.0,0.0,999999999.0
270,0,1.0,simple,1.0,3,0.48,0.0,1.0,0.0,999999999.0,0.0,999999999.0
271,0,1.0,simple,1.0,5,0.48,0.0,1.0,0.0,999999999.0,0.0,999999999.0
272,0,1.0,simple,1.0,7,0.48,0.0,1.0,0.0,999999999.0,0.0,999999999.0
273,0,1.0,simple,1.05,3,0.48,0.0,1.0,0.0,999999999.0,0.0,999999999.0
274,0,1.0,simple,1.05,5,0.48,0.0,1.0,0.0,999999999.0,0.0,999999999.0
275,0,1.0,simple,1.05,7,0.48,0.0,1.0,0.0,999999999.0,0.0,999999999.0
276,0,1.0,simple,1.1,3,0.48,0.0,1.0,0.0,999999999.0,0.0,999999999.0
277,0,1.0,simple,1.1,5,0.48,0.0,1.0,0.0,999999999.0,0.0,999999999.0
278,0,1.0,simple,1.1,7,0.48,0.0,1.0,0.0,999999999.0,0.0,999999999.0
279,0,1.0,simple,1.15,3,0.48,0.0,1.0,0.0,999999999.0,0.0,999999999.0
280,0,1.0,simple,1.15,5,0.48,0.0,1.0,0.0,999999999.0,0.0,999999999.0
281,0,1.0,simple,1.15,7,0.48,0.0,1.0,0.0,999999999.0,0.0,999999999.0
282,0,1.0,simple,1.2,3,0.48,0.0,1.0,0.0,999999999.0,0.0,999999999.0
283,0,1.0,simple,1.2,5,0.48,0.0,1.0,0.0,999999999.0,0.0,999999999.0
284,0,1.0,simple,1.2,7,0.48,0.0,1.0,0.0,999999999.0,0.0,999999999.0
285,0,1.0,daytime,1.0,3,0.48,0.0,1.0,0.0,999999999.0,0.0,999999999.0
286,0,1.0,daytime,1.0,5,0.48,0.0,1.0,0.0,999999999.0,0.0,999999999.0
287,0,1.0,daytime,1.0,7,0.48,0.0,1.0,0.0,999999999.0,0.0,999999999.0
288,0,1.0,daytime,1.05,3,0.48,0.0,1.0,0.0,999999999.0,0.0,999999999.0
289,0,1.0,daytime,1.05,5,0.48,0.0,1.0,0.0,999999999.0,0.0,999999999.0
290,0,1.0,daytime,1.05,7,0.48,0.0,1.0,0.0,999999999.0,0.0,999999999.0
291,0,1.0,daytime,1.1,3,0.48,0.0,1.0,0.0,999999999.0,0.0,999999999.0
292,0,1.0,daytime,1.1,5,0.48,0.0,1.0,0.0,999999999.0,0.0,999999999.0
293,0,1.0,daytime,1.1,7,0.48,0.0,1.0,0.0,999999999.0,0.0,999999999.0
294,0,1.0,daytime,1.15,3,0.48,0.0,1.0,0.0,999999999.0,0.0,999999999.0
295,0,1.0,daytime,1.15,5,0.48,0.0,1.0,0.0,999999999.0,0.0,999999999.0
296,0,1.0,daytime,1.15,7,0.48,0.0,1.0,0.0,999999999.0,0.0,999999999.0
297,0,1.0,daytime,1.2,3,0.48,0.0,1.0,0.0,999999999.0,0.0,999999999.0
298,0,1.0,daytime,1.2,5,0.48,0.0,1.0,0.0,999999999.0,0.0,999999999.0
299,0,1.0,daytime,1.2,7,0.48,0.0,1.0,0.0,999999999.0,0.0,999999999.0
300,1,0.1,simple,1.0,3,0.91,0.833,0.981,0.976,5.925,10.896,0.0
301,1,0.1,simple,1.0,5,0.92,0.833,1.0,1.0,6.425,10.936,0.0
302,1,0.1,simple,1.0,7,0.92,0.833,1.0,1.0,7.35,11.734,0.0
303,1,0.1,simple,1.05,3,0.92,0.833,1.0,1.0,5.925,10.896,0.0
304,1,0.1,simple,1.05,5,0.92,0.833,1.0,1.0,6.425,10.936,0.0
305,1,0.1,simple,1.05,7,0.92,0.833,1.0,1.0,7.35,11.734,0.0
306,1,0.1,simple,1.1,3,0.92,0.833,1.0,1.0,5.975,10.965,0.0
307,1,0.1,simple,1.1,5,0.92,0.833,1.0,1.0,6.475,11.002,0.0
308,1,0.1,simple,1.1,7,0.92,0.833,1.0,1.0,7.4,11.792,0.0
309,1,0.1,simple,1.15,3,0.92,0.833,1.0,1.0,6.0,11.002,0.0
310,1,0.1,simple,1.15,5,0.92,0.833,1.0,1.0,6.5,11.039,0.0
311,1,0.1,simple,1.15,7,0.92,0.833,1.0,1.0,7.425,11.823,0.0
312,1,0.1,simple,1.2,3,0.91,0.812,1.0,1.0,6.231,11.226,0.0
313,1,0.1,simple,1.2,5,0.91,0.812,1.0,1.0,6.744,11.252,0.0
314,1,0.1,simple,1.2,7,0.91,0.812,1.0,1.0,7.692,12.022,0.0
315,1,0.1,daytime,1.0,3,0.97,0.958,0.981,0.979,8.457,18.546,0.0
316,1,0.1,daytime,1.0,5,0.96,0.938,0.981,0.978,7.222,11.537,0.0
317,1,0.1,daytime,1.0,7,0.96,0.938,0.981,0.978,8.044,12.164,0.0
318,1,0.1,daytime,1.05,3,0.96,0.938,0.981,0.978,6.2,10.628,0.0
319,1,0.1,daytime,1.05,5,0.96,0.938,0.981,0.978,7.244,11.545,0.0
320,1,0.1,daytime,1.05,7,0.96,0.938,0.981,0.978,8.067,12.17,0.0
321,1,0.1,daytime,1.1,3,0.96,0.938,0.981,0.978,6.244,10.64,0.0
322,1,0.1,daytime,1.1,5,0.96,0.938,0.981,0.978,7.267,11.55,0.0
323,1,0.1,daytime,1.1,7,0.96,0.938,0.981,0.978,8.089,12.173,0.0
324,1,0.1,daytime,1.15,3,0.96,0.938,0.981,0.978,6.267,10.649,0.0
325,1,0.1,daytime,1.15,5,0.96,0.938,0.981,0.978,7.289,11.556,0.0
326,1,0.1,daytime,1.15,7,0.96,0.938,0.981,0.978,8.111,12.177,0.0
327,1,0.1,daytime,1.2,3,0.96,0.938,0.981,0.978,6.844,11.557,0.0
328,1,0.1,daytime,1.2,5,0.96,0.938,0.981,0.978,7.289,11.556,0.0
329,1,0.1,daytime,1.2,7,0.96,0.938,0.981,0.978,8.111,12.177,0.0
330,1,0.2,simple,1.0,3,0.89,0.771,1.0,1.0,6.514,11.286,0.0
331,1,0.2,simple,1.0,5,0.89,0.771,1.0,1.0,6.784,11.324,0.0
332,1,0.2,simple,1.0,7,0.89,0.771,1.0,1.0,8.162,12.156,0.0
333,1,0.2,simple,1.05,3,0.88,0.75,1.0,1.0,7.194,11.573,0.0
334,1,0.2,simple,1.05,5,0.88,0.75,1.0,1.0,7.444,11.608,0.0
335,1,0.2,simple,1.05,7,0.88,0.75,1.0,1.0,8.472,12.355,0.0
336,1,0.2,simple,1.1,3,0.88,0.75,1.0,1.0,7.222,11.619,0.0
337,1,0.2,simple,1.1,5,0.88,0.75,1.0,1.0,7.5,11.701,0.0
338,1,0.2,simple,1.1,7,0.88,0.75,1.0,1.0,8.528,12.438,0.0
339,1,0.2,simple,1.15,3,0.87,0.729,1.0,1.0,6.657,11.286,0.0
340,1,0.2,simple,1.15,5,0.87,0.729,1.0,1.0,6.914,11.335,0.0
341,1,0.2,simple,1.15,7,0.86,0.708,1.0,1.0,8.206,12.264,0.0
342,1,0.2,simple,1.2,3,0.87,0.729,1.0,1.0,6.657,11.286,0.0
343,1,0.2,simple,1.2,5,0.87,0.729,1.0,1.0,6.914,11.335,0.0
344,1,0.2,simple,1.2,7,0.86,0.708,1.0,1.0,8.206,12.264,0.0
345,1,0.2,daytime,1.0,3,0.93,0.854,1.0,1.0,6.61,10.996,0.0
346,1,0.2,daytime,1.0,5,0.93,0.854,1.0,1.0,6.829,11.041,0.0
347,1,0.2,daytime,1.0,7,0.93,0.854,1.0,1.0,7.732,11.783,0.0
348,1,0.2,daytime,1.05,3,0.93,0.854,1.0,1.0,6.61,10.996,0.0
349,1,0.2,daytime,1.05,5,0.93,0.854,1.0,1.0,6.829,11.041,0.0
350,1,0.2,daytime,1.05,7,0.93,0.854,1.0,1.0,7.732,11.783,0.0
351,1,0.2,daytime,1.1,3,0.93,0.854,1.0,1.0,6.61,10.996,0.0
352,1,0.2,daytime,1.1,5,0.93,0.854,1.0,1.0,6.829,11.041,0.0
353,1,0.2,daytime,1.1,7,0.93,0.854,1.0,1.0,7.732,11.783,0.0
354,1,0.2,daytime,1.15,3,0.93,0.854,1.0,1.0,6.61,10.996,0.0
355,1,0.2,daytime,1.15,5,0.93,0.854,1.0,1.0,6.829,11.041,0.0
356,1,0.2,daytime,1.15,7,0.93,0.854,1.0,1.0,7.732,11.783,0.0
357,1,0.2,daytime,1.2,3,0.93,0.854,1.0,1.0,6.61,10.996,0.0
358,1,0.2,daytime,1.2,5,0.93,0.854,1.0,1.0,6.829,11.041,0.0
359,1,0.2,daytime,1.2,7,0.93,0.854,1.0,1.0,7.756,11.78,0.0
360,1,0.3,simple,1.0,3,0.83,0.646,1.0,1.0,11.677,36.016,0.0
361,1,0.3,simple,1.0,5,0.83,0.646,1.0,1.0,11.968,35.992,0.0
362,1,0.3,simple,1.0,7,0.83,0.646,1.0,1.0,13.516,36.051,0.0
363,1,0.3,simple,1.05,3,0.82,0.625,1.0,1.0,5.333,8.957,0.0
364,1,0.3,simple,1.05,5,0.82,0.625,1.0,1.0,6.067,9.103,0.0
365,1,0.3,simple,1.05,7,0.82,0.625,1.0,1.0,7.3,10.367,0.0
366,1,0.3,simple,1.1,3,0.82,0.625,1.0,1.0,5.867,9.051,0.0
367,1,0.3,simple,1.1,5,0.82,0.625,1.0,1.0,6.167,9.147,0.0
368,1,0.3,simple,1.1,7,0.81,0.604,1.0,1.0,7.483,10.364,1.0
369,1,0.3,simple,1.15,3,0.81,0.604,1.0,1.0,5.517,8.997,0.0
370,1,0.3,simple,1.15,5,0.81,0.604,1.0,1.0,5.828,9.109,0.0
371,1,0.3,simple,1.15,7,0.81,0.604,1.0,1.0,7.552,10.404,1.0
372,1,0.3,simple,1.2,3,0.81,0.604,1.0,1.0,6.103,9.114,0.0
373,1,0.3,simple,1.2,5,0.8,0.583,1.0,1.0,6.571,9.329,0.0
374,1,0.3,simple,1.2,7,0.8,0.583,1.0,1.0,7.893,10.581,0.5
375,1,0.3,daytime,1.0,3,0.9,0.792,1.0,1.0,6.237,10.823,0.0
376,1,0.3,daytime,1.0,5,0.9,0.792,1.0,1.0,6.474,10.879,0.0
377,1,0.3,daytime,1.0,7,0.9,0.792,1.0,1.0,8.605,13.374,0.0
378,1,0.3,daytime,1.05,3,0.9,0.792,1.0,1.0,6.395,10.833,0.0
379,1,0.3,daytime,1.05,5,0.9,0.792,1.0,1.0,6.632,10.886,0.0
380,1,0.3,daytime,1.05,7,0.9,0.792,1.0,1.0,8.947,13.446,0.0
381,1,0.3,daytime,1.1,3,0.9,0.792,1.0,1.0,6.579,10.985,0.0
382,1,0.3,daytime,1.1,5,0.9,0.792,1.0,1.0,6.868,11.005,0.0
383,1,0.3,daytime,1.1,7,0.9,0.792,1.0,1.0,9.0,13.414,0.0
384,1,0.3,daytime,1.15,3,0.9,0.792,1.0,1.0,6.711,10.949,0.0
385,1,0.3,daytime,1.15,5,0.9,0.792,1.0,1.0,6.947,10.995,0.0
386,1,0.3,daytime,1.15,7,0.9,0.792,1.0,1.0,9.079,13.409,0.0
387,1,0.3,daytime,1.2,3,0.9,0.792,1.0,1.0,6.737,10.961,0.0
388,1,0.3,daytime,1.2,5,0.9,0.792,1.0,1.0,7.053,10.99,0.0
389,1,0.3,daytime,1.2,7,0.9,0.792,1.0,1.0,9.184,13.373,0.5
390,1,0.4,simple,1.0,3,0.71,0.396,1.0,1.0,6.632,9.943,0.0
391,1,0.4,simple,1.0,5,0.71,0.396,1.0,1.0,7.105,10.041,0.0
392,1,0.4,simple,1.0,7,0.71,0.396,1.0,1.0,8.947,11.65,1.0
393,1,0.4,simple,1.05,3,0.71,0.396,1.0,1.0,6.632,9.943,0.0
394,1,0.4,simple,1.05,5,0.71,0.396,1.0,1.0,7.105,10.041,0.0
395,1,0.4,simple,1.05,7,0.71,0.396,1.0,1.0,8.947,11.65,1.0
396,1,0.4,simple,1.1,3,0.71,0.396,1.0,1.0,6.632,9.943,0.0
397,1,0.4,simple,1.1,5,0.71,0.396,1.0,1.0,7.105,10.041,0.0
398,1,0.4,simple,1.1,7,0.71,0.396,1.0,1.0,8.947,11.65,1.0
399,1,0.4,simple,1.15,3,0.71,0.396,1.0,1.0,6.632,9.943,0.0
400,1,0.4,simple,1.15,5,0.71,0.396,1.0,1.0,7.105,10.041,0.0
401,1,0.4,simple,1.15,7,0.7,0.375,1.0,1.0,9.444,11.772,5.0
402,1,0.4,simple,1.2,3,0.7,0.375,1.0,1.0,7.056,10.141,0.0
403,1,0.4,simple,1.2,5,0.69,0.354,1.0,1.0,7.0,10.25,0.0
404,1,0.4,simple,1.2,7,0.69,0.354,1.0,1.0,9.059,12.002,1.0
405,1,0.4,daytime,1.0,3,0.87,0.729,1.0,1.0,12.629,25.061,0.0
406,1,0.4,daytime,1.0,5,0.86,0.708,1.0,1.0,15.176,38.041,0.5
407,1,0.4,daytime,1.0,7,0.85,0.688,1.0,1.0,18.091,38.872,4.0
408,1,0.4,daytime,1.05,3,0.87,0.729,1.0,1.0,19.914,47.108,1.0
409,1,0.4,daytime,1.05,5,0.86,0.708,1.0,1.0,15.441,38.275,1.0
410,1,0.4,daytime,1.05,7,0.85,0.688,1.0,1.0,18.333,39.057,5.0
411,1,0.4,daytime,1.1,3,0.86,0.708,1.0,1.0,15.5,38.424,2.5
412,1,0.4,daytime,1.1,5,0.85,0.688,1.0,1.0,16.152,38.746,2.0
413,1,0.4,daytime,1.1,7,0.84,0.667,1.0,1.0,20.594,40.454,7.5
414,1,0.4,daytime,1.15,3,0.85,0.688,1.0,1.0,17.515,40.028,4.0
415,1,0.4,daytime,1.15,5,0.84,0.667,1.0,1.0,18.062,40.428,3.0
416,1,0.4,daytime,1.15,7,0.83,0.646,1.0,1.0,28.871,58.876,7.0
417,1,0.4,daytime,1.2,3,0.84,0.667,1.0,1.0,17.875,40.788,3.5
418,1,0.4,daytime,1.2,5,0.82,0.625,1.0,1.0,18.433,45.975,4.0
419,1,0.4,daytime,1.2,7,0.81,0.604,1.0,1.0,14.862,24.386,5.0
420,1,0.5,simple,1.0,3,0.69,0.354,1.0,1.0,23.529,52.308,6.0
421,1,0.5,simple,1.0,5,0.67,0.312,1.0,1.0,25.467,55.323,3.0
422,1,0.5,simple,1.0,7,0.67,0.312,1.0,1.0,27.8,54.937,11.0
423,1,0.5,simple,1.05,3,0.67,0.312,1.0,1.0,25.2,55.855,4.0
424,1,0.5,simple,1.05,5,0.67,0.312,1.0,1.0,25.933,55.887,5.0
425,1,0.5,simple,1.05,7,0.65,0.271,1.0,1.0,15.0,19.686,11.0
426,1,0.5,simple,1.1,3,0.65,0.271,1.0,1.0,11.615,19.262,0.0
427,1,0.5,simple,1.1,5,0.65,0.271,1.0,1.0,12.308,19.153,1.0
428,1,0.5,simple,1.1,7,0.65,0.271,1.0,1.0,15.0,19.686,11.0
429,1,0.5,simple,1.15,3,0.65,0.271,1.0,1.0,11.923,19.621,2.0
430,1,0.5,simple,1.15,5,0.65,0.271,1.0,1.0,12.615,19.504,2.0
431,1,0.5,simple,1.15,7,0.65,0.271,1.0,1.0,15.308,19.986,11.0
432,1,0.5,simple,1.2,3,0.64,0.25,1.0,1.0,7.25,11.039,1.5
433,1,0.5,simple,1.2,5,0.64,0.25,1.0,1.0,8.0,11.128,1.5
434,1,0.5,simple,1.2,7,0.64,0.25,1.0,1.0,10.917,13.067,6.5
435,1,0.5,daytime,1.0,3,0.73,0.438,1.0,1.0,10.667,13.926,6.0
436,1,0.5,daytime,1.0,5,0.73,0.438,1.0,1.0,11.905,14.7,9.0
437,1,0.5,daytime,1.0,7,0.73,0.438,1.0,1.0,22.762,47.282,11.0
438,1,0.5,daytime,1.05,3,0.73,0.438,1.0,1.0,20.81,48.211,6.0
439,1,0.5,daytime,1.05,5,0.73,0.438,1.0,1.0,21.476,48.071,9.0
440,1,0.5,daytime,1.05,7,0.71,0.396,1.0,1.0,10.947,12.63,9.0
441,1,0.5,daytime,1.1,3,0.71,0.396,1.0,1.0,8.526,11.459,6.0
442,1,0.5,daytime,1.1,5,0.71,0.396,1.0,1.0,9.316,11.572,6.0
443,1,0.5,daytime,1.1,7,0.71,0.396,1.0,1.0,13.737,20.018,11.0
444,1,0.5,daytime,1.15,3,0.71,0.396,1.0,1.0,8.895,11.539,6.0
445,1,0.5,daytime,1.15,5,0.71,0.396,1.0,1.0,9.474,11.546,6.0
446,1,0.5,daytime,1.15,7,0.7,0.375,1.0,1.0,10.944,12.398,8.5
447,1,0.5,daytime,1.2,3,0.71,0.396,1.0,1.0,8.947,11.505,6.0
448,1,0.5,daytime,1.2,5,0.71,0.396,1.0,1.0,9.526,11.509,6.0
449,1,0.5,daytime,1.2,7,0.7,0.375,1.0,1.0,11.0,12.356,8.5
450,1,0.6,simple,1.0,3,0.56,0.083,1.0,1.0,12.5,15.945,5.5
451,1,0.6,simple,1.0,5,0.56,0.083,1.0,1.0,12.5,15.945,5.5
452,1,0.6,simple,1.0,7,0.56,0.083,1.0,1.0,12.5,15.945,5.5
453,1,0.6,simple,1.05,3,0.56,0.083,1.0,1.0,12.5,15.945,5.5
454,1,0.6,simple,1.05,5,0.56,0.083,1.0,1.0,12.5,15.945,5.5
455,1,0.6,simple,1.05,7,0.56,0.083,1.0,1.0,12.5,15.945,5.5
456,1,0.6,simple,1.1,3,0.56,0.083,1.0,1.0,12.5,15.945,5.5
457,1,0.6,simple,1.1,5,0.56,0.083,1.0,1.0,12.5,15.945,5.5
458,1,0.6,simple,1.1,7,0.56,0.083,1.0,1.0,12.5,15.945,5.5
459,1,0.6,simple,1.15,3,0.56,0.083,1.0,1.0,12.5,15.945,5.5
460,1,0.6,simple,1.15,5,0.56,0.083,1.0,1.0,12.5,15.945,5.5
461,1,0.6,simple,1.15,7,0.56,0.083,1.0,1.0,12.5,15.945,5.5
462,1,0.6,simple,1.2,3,0.56,0.083,1.0,1.0,12.5,15.945,5.5
463,1,0.6,simple,1.2,5,0.56,0.083,1.0,1.0,12.5,15.945,5.5
464,1,0.6,simple,1.2,7,0.56,0.083,1.0,1.0,12.5,15.945,5.5
465,1,0.6,daytime,1.0,3,0.61,0.188,1.0,1.0,50.444,74.321,11.0
466,1,0.6,daytime,1.0,5,0.61,0.188,1.0,1.0,52.444,77.42,11.0
467,1,0.6,daytime,1.0,7,0.6,0.167,1.0,1.0,32.625,56.637,7.0
468,1,0.6,daytime,1.05,3,0.61,0.188,1.0,1.0,50.778,74.189,11.0
469,1,0.6,daytime,1.05,5,0.61,0.188,1.0,1.0,52.778,77.284,11.0
470,1,0.6,daytime,1.05,7,0.6,0.167,1.0,1.0,33.0,56.56,7.5
471,1,0.6,daytime,1.1,3,0.61,0.188,1.0,1.0,53.222,77.378,11.0
472,1,0.6,daytime,1.1,5,0.6,0.167,1.0,1.0,33.375,56.484,7.5
473,1,0.6,daytime,1.1,7,0.59,0.146,1.0,1.0,37.571,59.206,11.0
474,1,0.6,daytime,1.15,3,0.61,0.188,1.0,1.0,53.222,77.378,11.0
475,1,0.6,daytime,1.15,5,0.6,0.167,1.0,1.0,33.375,56.484,7.5
476,1,0.6,daytime,1.15,7,0.59,0.146,1.0,1.0,37.571,59.206,11.0
477,1,0.6,daytime,1.2,3,0.6,0.167,1.0,1.0,33.375,56.484,7.5
478,1,0.6,daytime,1.2,5,0.6,0.167,1.0,1.0,33.375,56.484,7.5
479,1,0.6,daytime,1.2,7,0.59,0.146,1.0,1.0,37.571,59.206,11.0
480,1,0.7,simple,1.0,3,0.53,0.021,1.0,1.0,0.0,0.0,0.0
481,1,0.7,simple,1.0,5,0.53,0.021,1.0,1.0,0.0,0.0,0.0
482,1,0.7,simple,1.0,7,0.53,0.021,1.0,1.0,0.0,0.0,0.0
483,1,0.7,simple,1.05,3,0.53,0.021,1.0,1.0,0.0,0.0,0.0
484,1,0.7,simple,1.05,5,0.53,0.021,1.0,1.0,0.0,0.0,0.0
485,1,0.7,simple,1.05,7,0.53,0.021,1.0,1.0,0.0,0.0,0.0
486,1,0.7,simple,1.1,3,0.53,0.021,1.0,1.0,0.0,0.0,0.0
487,1,0.7,simple,1.1,5,0.53,0.021,1.0,1.0,0.0,0.0,0.0
488,1,0.7,simple,1.1,7,0.53,0.021,1.0,1.0,0.0,0.0,0.0
489,1,0.7,simple,1.15,3,0.53,0.021,1.0,1.0,0.0,0.0,0.0
490,1,0.7,simple,1.15,5,0.53,0.021,1.0,1.0,0.0,0.0,0.0
491,1,0.7,simple,1.15,7,0.53,0.021,1.0,1.0,0.0,0.0,0.0
492,1,0.7,simple,1.2,3,0.53,0.021,1.0,1.0,0.0,0.0,0.0
493,1,0.7,simple,1.2,5,0.53,0.021,1.0,1.0,0.0,0.0,0.0
494,1,0.7,simple,1.2,7,0.53,0.021,1.0,1.0,0.0,0.0,0.0
495,1,0.7,daytime,1.0,3,0.55,0.062,1.0,1.0,14.333,20.27,0.0
496,1,0.7,daytime,1.0,5,0.55,0.062,1.0,1.0,14.333,20.27,0.0
497,1,0.7,daytime,1.0,7,0.55,0.062,1.0,1.0,14.333,20.27,0.0
498,1,0.7,daytime,1.05,3,0.55,0.062,1.0,1.0,14.333,20.27,0.0
499,1,0.7,daytime,1.05,5,0.55,0.062,1.0,1.0,15.0,21.213,0.0
500,1,0.7,daytime,1.05,7,0.55,0.062,1.0,1.0,15.0,21.213,0.0
501,1,0.7,daytime,1.1,3,0.55,0.062,1.0,1.0,14.333,20.27,0.0
502,1,0.7,daytime,1.1,5,0.54,0.042,1.0,1.0,0.5,0.5,0.5
503,1,0.7,daytime,1.1,7,0.54,0.042,1.0,1.0,59.0,59.0,59.0
504,1,0.7,daytime,1.15,3,0.55,0.062,1.0,1.0,14.333,20.27,0.0
505,1,0.7,daytime,1.15,5,0.54,0.042,1.0,1.0,0.5,0.5,0.5
506,1,0.7,daytime,1.15,7,0.54,0.042,1.0,1.0,59.0,59.0,59.0
507,1,0.7,daytime,1.2,3,0.55,0.062,1.0,1.0,14.333,20.27,0.0
508,1,0.7,daytime,1.2,5,0.54,0.042,1.0,1.0,35.0,35.0,35.0
509,1,0.7,daytime,1.2,7,0.54,0.042,1.0,1.0,59.0,59.0,59.0
510,1,0.8,simple,1.0,3,0.52,0.0,1.0,0.0,999999999.0,0.0,999999999.0
511,1,0.8,simple,1.0,5,0.52,0.0,1.0,0.0,999999999.0,0.0,999999999.0
512,1,0.8,simple,1.0,7,0.52,0.0,1.0,0.0,999999999.0,0.0,999999999.0
513,1,0.8,simple,1.05,3,0.52,0.0,1.0,0.0,999999999.0,0.0,999999999.0
514,1,0.8,simple,1.05,5,0.52,0.0,1.0,0.0,999999999.0,0.0,999999999.0
515,1,0.8,simple,1.05,7,0.52,0.0,1.0,0.0,999999999.0,0.0,999999999.0
516,1,0.8,simple,1.1,3,0.52,0.0,1.0,0.0,999999999.0,0.0,999999999.0
517,1,0.8,simple,1.1,5,0.52,0.0,1.0,0.0,999999999.0,0.0,999999999.0
518,1,0.8,simple,1.1,7,0.52,0.0,1.0,0.0,999999999.0,0.0,999999999.0
519,1,0.8,simple,1.15,3,0.52,0.0,1.0,0.0,999999999.0,0.0,999999999.0
520,1,0.8,simple,1.15,5,0.52,0.0,1.0,0.0,999999999.0,0.0,999999999.0
521,1,0.8,simple,1.15,7,0.52,0.0,1.0,0.0,999999999.0,0.0,999999999.0
522,1,0.8,simple,1.2,3,0.52,0.0,1.0,0.0,999999999.0,0.0,999999999.0
523,1,0.8,simple,1.2,5,0.52,0.0,1.0,0.0,999999999.0,0.0,999999999.0
524,1,0.8,simple,1.2,7,0.52,0.0,1.0,0.0,999999999.0,0.0,999999999.0
525,1,0.8,daytime,1.0,3,0.52,0.0,1.0,0.0,999999999.0,0.0,999999999.0
526,1,0.8,daytime,1.0,5,0.52,0.0,1.0,0.0,999999999.0,0.0,999999999.0
527,1,0.8,daytime,1.0,7,0.52,0.0,1.0,0.0,999999999.0,0.0,999999999.0
528,1,0.8,daytime,1.05,3,0.52,0.0,1.0,0.0,999999999.0,0.0,999999999.0
529,1,0.8,daytime,1.05,5,0.52,0.0,1.0,0.0,999999999.0,0.0,999999999.0
530,1,0.8,daytime,1.05,7,0.52,0.0,1.0,0.0,999999999.0,0.0,999999999.0
531,1,0.8,daytime,1.1,3,0.52,0.0,1.0,0.0,999999999.0,0.0,999999999.0
532,1,0.8,daytime,1.1,5,0.52,0.0,1.0,0.0,999999999.0,0.0,999999999.0
533,1,0.8,daytime,1.1,7,0.52,0.0,1.0,0.0,999999999.0,0.0,999999999.0
534,1,0.8,daytime,1.15,3,0.52,0.0,1.0,0.0,999999999.0,0.0,999999999.0
535,1,0.8,daytime,1.15,5,0.52,0.0,1.0,0.0,999999999.0,0.0,999999999.0
536,1,0.8,daytime,1.15,7,0.52,0.0,1.0,0.0,999999999.0,0.0,999999999.0
537,1,0.8,daytime,1.2,3,0.52,0.0,1.0,0.0,999999999.0,0.0,999999999.0
538,1,0.8,daytime,1.2,5,0.52,0.0,1.0,0.0,999999999.0,0.0,999999999.0
539,1,0.8,daytime,1.2,7,0.52,0.0,1.0,0.0,999999999.0,0.0,999999999.0
540,1,0.9,simple,1.0,3,0.52,0.0,1.0,0.0,999999999.0,0.0,999999999.0
541,1,0.9,simple,1.0,5,0.52,0.0,1.0,0.0,999999999.0,0.0,999999999.0
542,1,0.9,simple,1.0,7,0.52,0.0,1.0,0.0,999999999.0,0.0,999999999.0
543,1,0.9,simple,1.05,3,0.52,0.0,1.0,0.0,999999999.0,0.0,999999999.0
544,1,0.9,simple,1.05,5,0.52,0.0,1.0,0.0,999999999.0,0.0,999999999.0
545,1,0.9,simple,1.05,7,0.52,0.0,1.0,0.0,999999999.0,0.0,999999999.0
546,1,0.9,simple,1.1,3,0.52,0.0,1.0,0.0,999999999.0,0.0,999999999.0
547,1,0.9,simple,1.1,5,0.52,0.0,1.0,0.0,999999999.0,0.0,999999999.0
548,1,0.9,simple,1.1,7,0.52,0.0,1.0,0.0,999999999.0,0.0,999999999.0
549,1,0.9,simple,1.15,3,0.52,0.0,1.0,0.0,999999999.0,0.0,999999999.0
550,1,0.9,simple,1.15,5,0.52,0.0,1.0,0.0,999999999.0,0.0,999999999.0
551,1,0.9,simple,1.15,7,0.52,0.0,1.0,0.0,999999999.0,0.0,999999999.0
552,1,0.9,simple,1.2,3,0.52,0.0,1.0,0.0,999999999.0,0.0,999999999.0
553,1,0.9,simple,1.2,5,0.52,0.0,1.0,0.0,999999999.0,0.0,999999999.0
554,1,0.9,simple,1.2,7,0.52,0.0,1.0,0.0,999999999.0,0.0,999999999.0
555,1,0.9,daytime,1.0,3,0.52,0.0,1.0,0.0,999999999.0,0.0,999999999.0
556,1,0.9,daytime,1.0,5,0.52,0.0,1.0,0.0,999999999.0,0.0,999999999.0
557,1,0.9,daytime,1.0,7,0.52,0.0,1.0,0.0,999999999.0,0.0,999999999.0
558,1,0.9,daytime,1.05,3,0.52,0.0,1.0,0.0,999999999.0,0.0,999999999.0
559,1,0.9,daytime,1.05,5,0.52,0.0,1.0,0.0,999999999.0,0.0,999999999.0
560,1,0.9,daytime,1.05,7,0.52,0.0,1.0,0.0,999999999.0,0.0,999999999.0
561,1,0.9,daytime,1.1,3,0.52,0.0,1.0,0.0,999999999.0,0.0,999999999.0
562,1,0.9,daytime,1.1,5,0.52,0.0,1.0,0.0,999999999.0,0.0,999999999.0
563,1,0.9,daytime,1.1,7,0.52,0.0,1.0,0.0,999999999.0,0.0,999999999.0
564,1,0.9,daytime,1.15,3,0.52,0.0,1.0,0.0,999999999.0,0.0,999999999.0
565,1,0.9,daytime,1.15,5,0.52,0.0,1.0,0.0,999999999.0,0.0,999999999.0
566,1,0.9,daytime,1.15,7,0.52,0.0,1.0,0.0,999999999.0,0.0,999999999.0
567,1,0.9,daytime,1.2,3,0.52,0.0,1.0,0.0,999999999.0,0.0,999999999.0
568,1,0.9,daytime,1.2,5,0.52,0.0,1.0,0.0,999999999.0,0.0,999999999.0
569,1,0.9,daytime,1.2,7,0.52,0.0,1.0,0.0,999999999.0,0.0,999999999.0
570,1,1.0,simple,1.0,3,0.52,0.0,1.0,0.0,999999999.0,0.0,999999999.0
571,1,1.0,simple,1.0,5,0.52,0.0,1.0,0.0,999999999.0,0.0,999999999.0
572,1,1.0,simple,1.0,7,0.52,0.0,1.0,0.0,999999999.0,0.0,999999999.0
573,1,1.0,simple,1.05,3,0.52,0.0,1.0,0.0,999999999.0,0.0,999999999.0
574,1,1.0,simple,1.05,5,0.52,0.0,1.0,0.0,999999999.0,0.0,999999999.0
575,1,1.0,simple,1.05,7,0.52,0.0,1.0,0.0,999999999.0,0.0,999999999.0
576,1,1.0,simple,1.1,3,0.52,0.0,1.0,0.0,999999999.0,0.0,999999999.0
577,1,1.0,simple,1.1,5,0.52,0.0,1.0,0.0,999999999.0,0.0,999999999.0
578,1,1.0,simple,1.1,7,0.52,0.0,1.0,0.0,999999999.0,0.0,999999999.0
579,1,1.0,simple,1.15,3,0.52,0.0,1.0,0.0,999999999.0,0.0,999999999.0
580,1,1.0,simple,1.15,5,0.52,0.0,1.0,0.0,999999999.0,0.0,999999999.0
581,1,1.0,simple,1.15,7,0.52,0.0,1.0,0.0,999999999.0,0.0,999999999.0
582,1,1.0,simple,1.2,3,0.52,0.0,1.0,0.0,999999999.0,0.0,999999999.0
583,1,1.0,simple,1.2,5,0.52,0.0,1.0,0.0,999999999.0,0.0,999999999.0
584,1,1.0,simple,1.2,7,0.52,0.0,1.0,0.0,999999999.0,0.0,999999999.0
585,1,1.0,daytime,1.0,3,0.52,0.0,1.0,0.0,999999999.0,0.0,999999999.0
586,1,1.0,daytime,1.0,5,0.52,0.0,1.0,0.0,999999999.0,0.0,999999999.0
587,1,1.0,daytime,1.0,7,0.52,0.0,1.0,0.0,999999999.0,0.0,999999999.0
588,1,1.0,daytime,1.05,3,0.52,0.0,1.0,0.0,999999999.0,0.0,999999999.0
589,1,1.0,daytime,1.05,5,0.52,0.0,1.0,0.0,999999999.0,0.0,999999999.0
590,1,1.0,daytime,1.05,7,0.52,0.0,1.0,0.0,999999999.0,0.0,999999999.0
591,1,1.0,daytime,1.1,3,0.52,0.0,1.0,0.0,999999999.0,0.0,999999999.0
592,1,1.0,daytime,1.1,5,0.52,0.0,1.0,0.0,999999999.0,0.0,999999999.0
593,1,1.0,daytime,1.1,7,0.52,0.0,1.0,0.0,999999999.0,0.0,999999999.0
594,1,1.0,daytime,1.15,3,0.52,0.0,1.0,0.0,999999999.0,0.0,999999999.0
595,1,1.0,daytime,1.15,5,0.52,0.0,1.0,0.0,999999999.0,0.0,999999999.0
596,1,1.0,daytime,1.15,7,0.52,0.0,1.0,0.0,999999999.0,0.0,999999999.0
597,1,1.0,daytime,1.2,3,0.52,0.0,1.0,0.0,999999999.0,0.0,999999999.0
598,1,1.0,daytime,1.2,5,0.52,0.0,1.0,0.0,999999999.0,0.0,999999999.0
599,1,1.0,daytime,1.2,7,0.52,0.0,1.0,0.0,999999999.0,0.0,999999999.0
600,2,0.1,simple,1.0,3,0.87,0.723,1.0,1.0,3.765,10.341,0.0
601,2,0.1,simple,1.0,5,0.86,0.702,1.0,1.0,3.818,10.449,0.0
602,2,0.1,simple,1.0,7,0.86,0.702,1.0,1.0,3.909,10.428,0.0
603,2,0.1,simple,1.05,3,0.87,0.723,1.0,1.0,4.265,11.307,0.0
604,2,0.1,simple,1.05,5,0.86,0.702,1.0,1.0,4.364,11.457,0.0
605,2,0.1,simple,1.05,7,0.86,0.702,1.0,1.0,4.455,11.434,0.0
606,2,0.1,simple,1.1,3,0.87,0.723,1.0,1.0,5.088,13.465,0.0
607,2,0.1,simple,1.1,5,0.86,0.702,1.0,1.0,5.212,13.644,0.0
608,2,0.1,simple,1.1,7,0.86,0.702,1.0,1.0,5.303,13.619,0.0
609,2,0.1,simple,1.15,3,0.86,0.702,1.0,1.0,4.788,13.555,0.0
610,2,0.1,simple,1.15,5,0.85,0.681,1.0,1.0,4.906,13.744,0.0
611,2,0.1,simple,1.15,7,0.85,0.681,1.0,1.0,5.0,13.72,0.0
612,2,0.1,simple,1.2,3,0.86,0.702,1.0,1.0,5.97,18.568,0.0
613,2,0.1,simple,1.2,5,0.85,0.681,1.0,1.0,6.125,18.831,0.0
614,2,0.1,simple,1.2,7,0.85,0.681,1.0,1.0,6.219,18.808,0.0
615,2,0.1,daytime,1.0,3,0.98,0.979,0.981,0.979,5.609,10.12,0.0
616,2,0.1,daytime,1.0,5,0.97,0.957,0.981,0.978,5.733,10.109,0.0
617,2,0.1,daytime,1.0,7,0.97,0.957,0.981,0.978,6.667,12.273,0.0
618,2,0.1,daytime,1.05,3,0.98,0.979,0.981,0.979,6.63,12.329,0.0
619,2,0.1,daytime,1.05,5,0.97,0.957,0.981,0.978,6.756,12.358,0.0
620,2,0.1,daytime,1.05,7,0.97,0.957,0.981,0.978,6.822,12.329,0.0
621,2,0.1,daytime,1.1,3,0.98,0.979,0.981,0.979,6.63,12.329,0.0
622,2,0.1,daytime,1.1,5,0.97,0.957,0.981,0.978,6.778,12.354,0.0
623,2,0.1,daytime,1.1,7,0.97,0.957,0.981,0.978,6.844,12.325,0.0
624,2,0.1,daytime,1.15,3,0.98,0.979,0.981,0.979,6.652,12.414,0.0
625,2,0.1,daytime,1.15,5,0.97,0.957,0.981,0.978,6.822,12.487,0.0
626,2,0.1,daytime,1.15,7,0.97,0.957,0.981,0.978,6.889,12.458,0.0
627,2,0.1,daytime,1.2,3,0.98,0.979,0.981,0.979,6.804,12.801,0.0
628,2,0.1,daytime,1.2,5,0.97,0.957,0.981,0.978,6.956,12.832,0.0
629,2,0.1,daytime,1.2,7,0.97,0.957,0.981,0.978,7.022,12.804,0.0
630,2,0.2,simple,1.0,3,0.84,0.66,1.0,1.0,4.613,12.114,0.0
631,2,0.2,simple,1.0,5,0.83,0.638,1.0,1.0,4.7,12.297,0.0
632,2,0.2,simple,1.0,7,0.82,0.617,1.0,1.0,5.552,12.692,0.0
633,2,0.2,simple,1.05,3,0.82,0.617,1.0,1.0,4.31,11.456,0.0
634,2,0.2,simple,1.05,5,0.81,0.596,1.0,1.0,4.429,11.636,0.0
635,2,0.2,simple,1.05,7,0.81,0.596,1.0,1.0,6.25,16.448,0.0
636,2,0.2,simple,1.1,3,0.81,0.596,1.0,1.0,4.5,11.682,0.0
637,2,0.2,simple,1.1,5,0.81,0.596,1.0,1.0,6.179,16.616,0.0
638,2,0.2,simple,1.1,7,0.81,0.596,1.0,1.0,6.286,16.585,0.0
639,2,0.2,simple,1.15,3,0.8,0.574,1.0,1.0,3.852,11.391,0.0
640,2,0.2,simple,1.15,5,0.8,0.574,1.0,1.0,3.815,11.395,0.0
641,2,0.2,simple,1.15,7,0.8,0.574,1.0,1.0,3.926,11.372,0.0
642,2,0.2,simple,1.2,3,0.8,0.574,1.0,1.0,3.852,11.391,0.0
643,2,0.2,simple,1.2,5,0.8,0.574,1.0,1.0,3.815,11.395,0.0
644,2,0.2,simple,1.2,7,0.8,0.574,1.0,1.0,3.926,11.372,0.0
645,2,0.2,daytime,1.0,3,0.98,0.957,1.0,1.0,11.867,22.589,0.0
646,2,0.2,daytime,1.0,5,0.96,0.915,1.0,1.0,10.744,19.327,0.0
647,2,0.2,daytime,1.0,7,0.96,0.915,1.0,1.0,10.907,19.245,0.0
648,2,0.2,daytime,1.05,3,0.97,0.936,1.0,1.0,11.75,25.141,0.0
649,2,0.2,daytime,1.05,5,0.96,0.915,1.0,1.0,13.744,27.464,0.0
650,2,0.2,daytime,1.05,7,0.95,0.894,1.0,1.0,10.714,18.537,0.0
651,2,0.2,daytime,1.1,3,0.97,0.936,1.0,1.0,12.386,25.189,0.0
652,2,0.2,daytime,1.1,5,0.96,0.915,1.0,1.0,13.86,27.416,0.0
653,2,0.2,daytime,1.1,7,0.95,0.894,1.0,1.0,10.786,18.545,0.0
654,2,0.2,daytime,1.15,3,0.97,0.936,1.0,1.0,12.523,25.195,0.0
655,2,0.2,daytime,1.15,5,0.96,0.915,1.0,1.0,15.047,33.171,0.0
656,2,0.2,daytime,1.15,7,0.95,0.894,1.0,1.0,11.81,20.542,0.0
657,2,0.2,daytime,1.2,3,0.96,0.915,1.0,1.0,10.512,18.499,0.0
658,2,0.2,daytime,1.2,5,0.95,0.894,1.0,1.0,10.929,18.632,0.0
659,2,0.2,daytime,1.2,7,0.95,0.894,1.0,1.0,11.976,20.677,0.0
660,2,0.3,simple,1.0,3,0.77,0.511,1.0,1.0,9.708,23.192,0.0
661,2,0.3,simple,1.0,5,0.77,0.511,1.0,1.0,17.042,49.573,0.0
662,2,0.3,simple,1.0,7,0.75,0.468,1.0,1.0,3.909,7.839,0.0
663,2,0.3,simple,1.05,3,0.74,0.447,1.0,1.0,2.952,6.499,0.0
664,2,0.3,simple,1.05,5,0.74,0.447,1.0,1.0,3.0,6.612,0.0
665,2,0.3,simple,1.05,7,0.74,0.447,1.0,1.0,3.571,7.78,0.0
666,2,0.3,simple,1.1,3,0.74,0.447,1.0,1.0,3.143,6.958,0.0
667,2,0.3,simple,1.1,5,0.74,0.447,1.0,1.0,3.143,6.916,0.0
668,2,0.3,simple,1.1,7,0.73,0.426,1.0,1.0,2.7,6.79,0.0
669,2,0.3,simple,1.15,3,0.73,0.426,1.0,1.0,2.1,5.127,0.0
670,2,0.3,simple,1.15,5,0.73,0.426,1.0,1.0,2.15,5.285,0.0
671,2,0.3,simple,1.15,7,0.73,0.426,1.0,1.0,2.75,6.826,0.0
672,2,0.3,simple,1.2,3,0.73,0.426,1.0,1.0,2.15,5.189,0.0
673,2,0.3,simple,1.2,5,0.73,0.426,1.0,1.0,2.2,5.344,0.0
674,2,0.3,simple,1.2,7,0.73,0.426,1.0,1.0,2.8,6.867,0.0
675,2,0.3,daytime,1.0,3,0.93,0.851,1.0,1.0,9.6,18.312,0.0
676,2,0.3,daytime,1.0,5,0.92,0.83,1.0,1.0,10.41,18.591,0.0
677,2,0.3,daytime,1.0,7,0.91,0.809,1.0,1.0,11.105,23.032,0.5
678,2,0.3,daytime,1.05,3,0.93,0.851,1.0,1.0,13.425,32.319,0.0
679,2,0.3,daytime,1.05,5,0.91,0.809,1.0,1.0,11.079,20.598,0.0
680,2,0.3,daytime,1.05,7,0.9,0.787,1.0,1.0,15.919,33.254,1.0
681,2,0.3,daytime,1.1,3,0.91,0.809,1.0,1.0,12.474,24.637,0.0
682,2,0.3,daytime,1.1,5,0.9,0.787,1.0,1.0,14.676,31.036,0.0
683,2,0.3,daytime,1.1,7,0.89,0.766,1.0,1.0,13.639,26.173,1.0
684,2,0.3,daytime,1.15,3,0.91,0.809,1.0,1.0,13.368,25.29,0.0
685,2,0.3,daytime,1.15,5,0.89,0.766,1.0,1.0,13.361,26.097,0.0
686,2,0.3,daytime,1.15,7,0.89,0.766,1.0,1.0,13.722,26.14,1.0
687,2,0.3,daytime,1.2,3,0.91,0.809,1.0,1.0,14.079,25.519,0.0
688,2,0.3,daytime,1.2,5,0.89,0.766,1.0,1.0,13.639,26.031,0.5
689,2,0.3,daytime,1.2,7,0.89,0.766,1.0,1.0,13.972,26.085,1.5
690,2,0.4,simple,1.0,3,0.67,0.298,1.0,1.0,4.5,9.101,0.0
691,2,0.4,simple,1.0,5,0.67,0.298,1.0,1.0,4.5,9.101,0.0
692,2,0.4,simple,1.0,7,0.67,0.298,1.0,1.0,4.714,9.027,0.0
693,2,0.4,simple,1.05,3,0.67,0.298,1.0,1.0,14.929,45.017,0.0
694,2,0.4,simple,1.05,5,0.67,0.298,1.0,1.0,21.357,50.642,0.0
695,2,0.4,simple,1.05,7,0.65,0.255,1.0,1.0,1.75,4.675,0.0
696,2,0.4,simple,1.1,3,0.64,0.234,1.0,1.0,0.091,0.287,0.0
697,2,0.4,simple,1.1,5,0.64,0.234,1.0,1.0,0.091,0.287,0.0
698,2,0.4,simple,1.1,7,0.64,0.234,1.0,1.0,0.364,0.881,0.0
699,2,0.4,simple,1.15,3,0.64,0.234,1.0,1.0,0.091,0.287,0.0
700,2,0.4,simple,1.15,5,0.64,0.234,1.0,1.0,0.091,0.287,0.0
701,2,0.4,simple,1.15,7,0.64,0.234,1.0,1.0,0.364,0.881,0.0
702,2,0.4,simple,1.2,3,0.64,0.234,1.0,1.0,0.091,0.287,0.0
703,2,0.4,simple,1.2,5,0.64,0.234,1.0,1.0,0.091,0.287,0.0
704,2,0.4,simple,1.2,7,0.63,0.213,1.0,1.0,0.1,0.3,0.0
705,2,0.4,daytime,1.0,3,0.82,0.617,1.0,1.0,15.034,33.077,1.0
706,2,0.4,daytime,1.0,5,0.82,0.617,1.0,1.0,16.69,37.301,1.0
707,2,0.4,daytime,1.0,7,0.82,0.617,1.0,1.0,20.828,39.027,3.0
708,2,0.4,daytime,1.05,3,0.82,0.617,1.0,1.0,18.621,35.147,3.0
709,2,0.4,daytime,1.05,5,0.81,0.596,1.0,1.0,25.321,42.114,3.5
710,2,0.4,daytime,1.05,7,0.8,0.574,1.0,1.0,24.222,40.369,3.0
711,2,0.4,daytime,1.1,3,0.81,0.596,1.0,1.0,31.143,70.042,2.0
712,2,0.4,daytime,1.1,5,0.79,0.553,1.0,1.0,24.192,41.395,2.0
713,2,0.4,daytime,1.1,7,0.79,0.553,1.0,1.0,26.077,41.579,3.0
714,2,0.4,daytime,1.15,3,0.8,0.574,1.0,1.0,23.519,37.395,3.0
715,2,0.4,daytime,1.15,5,0.79,0.553,1.0,1.0,26.038,41.68,2.0
716,2,0.4,daytime,1.15,7,0.79,0.553,1.0,1.0,26.154,41.611,3.0
717,2,0.4,daytime,1.2,3,0.79,0.553,1.0,1.0,24.346,37.915,2.0
718,2,0.4,daytime,1.2,5,0.79,0.553,1.0,1.0,26.115,41.683,2.0
719,2,0.4,daytime,1.2,7,0.79,0.553,1.0,1.0,26.231,41.615,3.0
720,2,0.5,simple,1.0,3,0.6,0.149,1.0,1.0,0.143,0.35,0.0
721,2,0.5,simple,1.0,5,0.6,0.149,1.0,1.0,0.143,0.35,0.0
722,2,0.5,simple,1.0,7,0.6,0.149,1.0,1.0,0.143,0.35,0.0
723,2,0.5,simple,1.05,3,0.6,0.149,1.0,1.0,0.143,0.35,0.0
724,2,0.5,simple,1.05,5,0.6,0.149,1.0,1.0,0.143,0.35,0.0
725,2,0.5,simple,1.05,7,0.6,0.149,1.0,1.0,0.143,0.35,0.0
726,2,0.5,simple,1.1,3,0.6,0.149,1.0,1.0,0.143,0.35,0.0
727,2,0.5,simple,1.1,5,0.6,0.149,1.0,1.0,0.143,0.35,0.0
728,2,0.5,simple,1.1,7,0.6,0.149,1.0,1.0,0.143,0.35,0.0
729,2,0.5,simple,1.15,3,0.6,0.149,1.0,1.0,0.143,0.35,0.0
730,2,0.5,simple,1.15,5,0.6,0.149,1.0,1.0,0.143,0.35,0.0
731,2,0.5,simple,1.15,7,0.6,0.149,1.0,1.0,0.143,0.35,0.0
732,2,0.5,simple,1.2,3,0.6,0.149,1.0,1.0,0.143,0.35,0.0
733,2,0.5,simple,1.2,5,0.6,0.149,1.0,1.0,0.143,0.35,0.0
734,2,0.5,simple,1.2,7,0.6,0.149,1.0,1.0,0.143,0.35,0.0
735,2,0.5,daytime,1.0,3,0.72,0.404,1.0,1.0,33.895,48.052,16.0
736,2,0.5,daytime,1.0,5,0.7,0.362,1.0,1.0,31.412,50.042,5.0
737,2,0.5,daytime,1.0,7,0.69,0.34,1.0,1.0,30.188,52.69,3.0
738,2,0.5,daytime,1.05,3,0.7,0.362,1.0,1.0,33.647,48.209,5.0
739,2,0.5,daytime,1.05,5,0.69,0.34,1.0,1.0,32.438,51.507,3.0
740,2,0.5,daytime,1.05,7,0.68,0.319,1.0,1.0,31.267,54.574,1.0
741,2,0.5,daytime,1.1,3,0.7,0.362,1.0,1.0,34.824,50.965,7.0
742,2,0.5,daytime,1.1,5,0.68,0.319,1.0,1.0,28.467,50.927,1.0
743,2,0.5,daytime,1.1,7,0.67,0.298,1.0,1.0,26.714,53.427,0.5
744,2,0.5,daytime,1.15,3,0.67,0.298,1.0,1.0,37.786,66.244,0.5
745,2,0.5,daytime,1.15,5,0.65,0.255,1.0,1.0,11.667,18.544,0.0
746,2,0.5,daytime,1.15,7,0.65,0.255,1.0,1.0,23.583,55.082,0.0
747,2,0.5,daytime,1.2,3,0.65,0.255,1.0,1.0,11.667,18.544,0.0
748,2,0.5,daytime,1.2,5,0.65,0.255,1.0,1.0,11.667,18.544,0.0
749,2,0.5,daytime,1.2,7,0.64,0.234,1.0,1.0,7.364,12.368,0.0
750,2,0.6,simple,1.0,3,0.56,0.064,1.0,1.0,0.0,0.0,0.0
751,2,0.6,simple,1.0,5,0.56,0.064,1.0,1.0,0.0,0.0,0.0
752,2,0.6,simple,1.0,7,0.56,0.064,1.0,1.0,0.0,0.0,0.0
753,2,0.6,simple,1.05,3,0.56,0.064,1.0,1.0,0.0,0.0,0.0
754,2,0.6,simple,1.05,5,0.56,0.064,1.0,1.0,0.0,0.0,0.0
755,2,0.6,simple,1.05,7,0.56,0.064,1.0,1.0,0.0,0.0,0.0
756,2,0.6,simple,1.1,3,0.56,0.064,1.0,1.0,0.0,0.0,0.0
757,2,0.6,simple,1.1,5,0.56,0.064,1.0,1.0,0.0,0.0,0.0
758,2,0.6,simple,1.1,7,0.56,0.064,1.0,1.0,0.0,0.0,0.0
759,2,0.6,simple,1.15,3,0.56,0.064,1.0,1.0,0.0,0.0,0.0
760,2,0.6,simple,1.15,5,0.56,0.064,1.0,1.0,0.0,0.0,0.0
761,2,0.6,simple,1.15,7,0.56,0.064,1.0,1.0,0.0,0.0,0.0
762,2,0.6,simple,1.2,3,0.56,0.064,1.0,1.0,0.0,0.0,0.0
763,2,0.6,simple,1.2,5,0.56,0.064,1.0,1.0,0.0,0.0,0.0
764,2,0.6,simple,1.2,7,0.56,0.064,1.0,1.0,0.0,0.0,0.0
765,2,0.6,daytime,1.0,3,0.58,0.106,1.0,1.0,18.0,24.811,0.0
766,2,0.6,daytime,1.0,5,0.58,0.106,1.0,1.0,18.0,24.811,0.0
767,2,0.6,daytime,1.0,7,0.57,0.085,1.0,1.0,15.75,27.28,0.0
768,2,0.6,daytime,1.05,3,0.58,0.106,1.0,1.0,18.0,24.811,0.0
769,2,0.6,daytime,1.05,5,0.57,0.085,1.0,1.0,15.75,27.28,0.0
770,2,0.6,daytime,1.05,7,0.57,0.085,1.0,1.0,15.75,27.28,0.0
771,2,0.6,daytime,1.1,3,0.58,0.106,1.0,1.0,18.0,24.811,0.0
772,2,0.6,daytime,1.1,5,0.57,0.085,1.0,1.0,15.75,27.28,0.0
773,2,0.6,daytime,1.1,7,0.57,0.085,1.0,1.0,15.75,27.28,0.0
774,2,0.6,daytime,1.15,3,0.58,0.106,1.0,1.0,18.6,25.904,0.0
775,2,0.6,daytime,1.15,5,0.57,0.085,1.0,1.0,16.5,28.579,0.0
776,2,0.6,daytime,1.15,7,0.56,0.064,1.0,1.0,0.0,0.0,0.0
777,2,0.6,daytime,1.2,3,0.57,0.085,1.0,1.0,16.5,28.579,0.0
778,2,0.6,daytime,1.2,5,0.57,0.085,1.0,1.0,16.5,28.579,0.0
779,2,0.6,daytime,1.2,7,0.56,0.064,1.0,1.0,0.0,0.0,0.0
780,2,0.7,simple,1.0,3,0.53,0.0,1.0,0.0,999999999.0,0.0,999999999.0
781,2,0.7,simple,1.0,5,0.53,0.0,1.0,0.0,999999999.0,0.0,999999999.0
782,2,0.7,simple,1.0,7,0.53,0.0,1.0,0.0,999999999.0,0.0,999999999.0
783,2,0.7,simple,1.05,3,0.53,0.0,1.0,0.0,999999999.0,0.0,999999999.0
784,2,0.7,simple,1.05,5,0.53,0.0,1.0,0.0,999999999.0,0.0,999999999.0
785,2,0.7,simple,1.05,7,0.53,0.0,1.0,0.0,999999999.0,0.0,999999999.0
786,2,0.7,simple,1.1,3,0.53,0.0,1.0,0.0,999999999.0,0.0,999999999.0
787,2,0.7,simple,1.1,5,0.53,0.0,1.0,0.0,999999999.0,0.0,999999999.0
788,2,0.7,simple,1.1,7,0.53,0.0,1.0,0.0,999999999.0,0.0,999999999.0
789,2,0.7,simple,1.15,3,0.53,0.0,1.0,0.0,999999999.0,0.0,999999999.0
790,2,0.7,simple,1.15,5,0.53,0.0,1.0,0.0,999999999.0,0.0,999999999.0
791,2,0.7,simple,1.15,7,0.53,0.0,1.0,0.0,999999999.0,0.0,999999999.0
792,2,0.7,simple,1.2,3,0.53,0.0,1.0,0.0,999999999.0,0.0,999999999.0
793,2,0.7,simple,1.2,5,0.53,0.0,1.0,0.0,999999999.0,0.0,999999999.0
794,2,0.7,simple,1.2,7,0.53,0.0,1.0,0.0,999999999.0,0.0,999999999.0
795,2,0.7,daytime,1.0,3,0.55,0.043,1.0,1.0,0.5,0.5,0.5
796,2,0.7,daytime,1.0,5,0.55,0.043,1.0,1.0,0.5,0.5,0.5
797,2,0.7,daytime,1.0,7,0.55,0.043,1.0,1.0,0.5,0.5,0.5
798,2,0.7,daytime,1.05,3,0.55,0.043,1.0,1.0,0.5,0.5,0.5
799,2,0.7,daytime,1.05,5,0.55,0.043,1.0,1.0,0.5,0.5,0.5
800,2,0.7,daytime,1.05,7,0.55,0.043,1.0,1.0,0.5,0.5,0.5
801,2,0.7,daytime,1.1,3,0.55,0.043,1.0,1.0,0.5,0.5,0.5
802,2,0.7,daytime,1.1,5,0.55,0.043,1.0,1.0,0.5,0.5,0.5
803,2,0.7,daytime,1.1,7,0.55,0.043,1.0,1.0,0.5,0.5,0.5
804,2,0.7,daytime,1.15,3,0.55,0.043,1.0,1.0,0.5,0.5,0.5
805,2,0.7,daytime,1.15,5,0.55,0.043,1.0,1.0,0.5,0.5,0.5
806,2,0.7,daytime,1.15,7,0.55,0.043,1.0,1.0,0.5,0.5,0.5
807,2,0.7,daytime,1.2,3,0.55,0.043,1.0,1.0,0.5,0.5,0.5
808,2,0.7,daytime,1.2,5,0.55,0.043,1.0,1.0,0.5,0.5,0.5
809,2,0.7,daytime,1.2,7,0.55,0.043,1.0,1.0,0.5,0.5,0.5
810,2,0.8,simple,1.0,3,0.53,0.0,1.0,0.0,999999999.0,0.0,999999999.0
811,2,0.8,simple,1.0,5,0.53,0.0,1.0,0.0,999999999.0,0.0,999999999.0
812,2,0.8,simple,1.0,7,0.53,0.0,1.0,0.0,999999999.0,0.0,999999999.0
813,2,0.8,simple,1.05,3,0.53,0.0,1.0,0.0,999999999.0,0.0,999999999.0
814,2,0.8,simple,1.05,5,0.53,0.0,1.0,0.0,999999999.0,0.0,999999999.0
815,2,0.8,simple,1.05,7,0.53,0.0,1.0,0.0,999999999.0,0.0,999999999.0
816,2,0.8,simple,1.1,3,0.53,0.0,1.0,0.0,999999999.0,0.0,999999999.0
817,2,0.8,simple,1.1,5,0.53,0.0,1.0,0.0,999999999.0,0.0,999999999.0
818,2,0.8,simple,1.1,7,0.53,0.0,1.0,0.0,999999999.0,0.0,999999999.0
819,2,0.8,simple,1.15,3,0.53,0.0,1.0,0.0,999999999.0,0.0,999999999.0
820,2,0.8,simple,1.15,5,0.53,0.0,1.0,0.0,999999999.0,0.0,999999999.0
821,2,0.8,simple,1.15,7,0.53,0.0,1.0,0.0,999999999.0,0.0,999999999.0
822,2,0.8,simple,1.2,3,0.53,0.0,1.0,0.0,999999999.0,0.0,999999999.0
823,2,0.8,simple,1.2,5,0.53,0.0,1.0,0.0,999999999.0,0.0,999999999.0
824,2,0.8,simple,1.2,7,0.53,0.0,1.0,0.0,999999999.0,0.0,999999999.0
825,2,0.8,daytime,1.0,3,0.53,0.0,1.0,0.0,999999999.0,0.0,999999999.0
826,2,0.8,daytime,1.0,5,0.53,0.0,1.0,0.0,999999999.0,0.0,999999999.0
827,2,0.8,daytime,1.0,7,0.53,0.0,1.0,0.0,999999999.0,0.0,999999999.0
828,2,0.8,daytime,1.05,3,0.53,0.0,1.0,0.0,999999999.0,0.0,999999999.0
829,2,0.8,daytime,1.05,5,0.53,0.0,1.0,0.0,999999999.0,0.0,999999999.0
830,2,0.8,daytime,1.05,7,0.53,0.0,1.0,0.0,999999999.0,0.0,999999999.0
831,2,0.8,daytime,1.1,3,0.53,0.0,1.0,0.0,999999999.0,0.0,999999999.0
832,2,0.8,daytime,1.1,5,0.53,0.0,1.0,0.0,999999999.0,0.0,999999999.0
833,2,0.8,daytime,1.1,7,0.53,0.0,1.0,0.0,999999999.0,0.0,999999999.0
834,2,0.8,daytime,1.15,3,0.53,0.0,1.0,0.0,999999999.0,0.0,999999999.0
835,2,0.8,daytime,1.15,5,0.53,0.0,1.0,0.0,999999999.0,0.0,999999999.0
836,2,0.8,daytime,1.15,7,0.53,0.0,1.0,0.0,999999999.0,0.0,999999999.0
837,2,0.8,daytime,1.2,3,0.53,0.0,1.0,0.0,999999999.0,0.0,999999999.0
838,2,0.8,daytime,1.2,5,0.53,0.0,1.0,0.0,999999999.0,0.0,999999999.0
839,2,0.8,daytime,1.2,7,0.53,0.0,1.0,0.0,999999999.0,0.0,999999999.0
840,2,0.9,simple,1.0,3,0.53,0.0,1.0,0.0,999999999.0,0.0,999999999.0
841,2,0.9,simple,1.0,5,0.53,0.0,1.0,0.0,999999999.0,0.0,999999999.0
842,2,0.9,simple,1.0,7,0.53,0.0,1.0,0.0,999999999.0,0.0,999999999.0
843,2,0.9,simple,1.05,3,0.53,0.0,1.0,0.0,999999999.0,0.0,999999999.0
844,2,0.9,simple,1.05,5,0.53,0.0,1.0,0.0,999999999.0,0.0,999999999.0
845,2,0.9,simple,1.05,7,0.53,0.0,1.0,0.0,999999999.0,0.0,999999999.0
846,2,0.9,simple,1.1,3,0.53,0.0,1.0,0.0,999999999.0,0.0,999999999.0
847,2,0.9,simple,1.1,5,0.53,0.0,1.0,0.0,999999999.0,0.0,999999999.0
848,2,0.9,simple,1.1,7,0.53,0.0,1.0,0.0,999999999.0,0.0,999999999.0
849,2,0.9,simple,1.15,3,0.53,0.0,1.0,0.0,999999999.0,0.0,999999999.0
850,2,0.9,simple,1.15,5,0.53,0.0,1.0,0.0,999999999.0,0.0,999999999.0
851,2,0.9,simple,1.15,7,0.53,0.0,1.0,0.0,999999999.0,0.0,999999999.0
852,2,0.9,simple,1.2,3,0.53,0.0,1.0,0.0,999999999.0,0.0,999999999.0
853,2,0.9,simple,1.2,5,0.53,0.0,1.0,0.0,999999999.0,0.0,999999999.0
854,2,0.9,simple,1.2,7,0.53,0.0,1.0,0.0,999999999.0,0.0,999999999.0
855,2,0.9,daytime,1.0,3,0.53,0.0,1.0,0.0,999999999.0,0.0,999999999.0
856,2,0.9,daytime,1.0,5,0.53,0.0,1.0,0.0,999999999.0,0.0,999999999.0
857,2,0.9,daytime,1.0,7,0.53,0.0,1.0,0.0,999999999.0,0.0,999999999.0
858,2,0.9,daytime,1.05,3,0.53,0.0,1.0,0.0,999999999.0,0.0,999999999.0
859,2,0.9,daytime,1.05,5,0.53,0.0,1.0,0.0,999999999.0,0.0,999999999.0
860,2,0.9,daytime,1.05,7,0.53,0.0,1.0,0.0,999999999.0,0.0,999999999.0
861,2,0.9,daytime,1.1,3,0.53,0.0,1.0,0.0,999999999.0,0.0,999999999.0
862,2,0.9,daytime,1.1,5,0.53,0.0,1.0,0.0,999999999.0,0.0,999999999.0
863,2,0.9,daytime,1.1,7,0.53,0.0,1.0,0.0,999999999.0,0.0,999999999.0
864,2,0.9,daytime,1.15,3,0.53,0.0,1.0,0.0,999999999.0,0.0,999999999.0
865,2,0.9,daytime,1.15,5,0.53,0.0,1.0,0.0,999999999.0,0.0,999999999.0
866,2,0.9,daytime,1.15,7,0.53,0.0,1.0,0.0,999999999.0,0.0,999999999.0
867,2,0.9,daytime,1.2,3,0.53,0.0,1.0,0.0,999999999.0,0.0,999999999.0
868,2,0.9,daytime,1.2,5,0.53,0.0,1.0,0.0,999999999.0,0.0,999999999.0
869,2,0.9,daytime,1.2,7,0.53,0.0,1.0,0.0,999999999.0,0.0,999999999.0
870,2,1.0,simple,1.0,3,0.53,0.0,1.0,0.0,999999999.0,0.0,999999999.0
871,2,1.0,simple,1.0,5,0.53,0.0,1.0,0.0,999999999.0,0.0,999999999.0
872,2,1.0,simple,1.0,7,0.53,0.0,1.0,0.0,999999999.0,0.0,999999999.0
873,2,1.0,simple,1.05,3,0.53,0.0,1.0,0.0,999999999.0,0.0,999999999.0
874,2,1.0,simple,1.05,5,0.53,0.0,1.0,0.0,999999999.0,0.0,999999999.0
875,2,1.0,simple,1.05,7,0.53,0.0,1.0,0.0,999999999.0,0.0,999999999.0
876,2,1.0,simple,1.1,3,0.53,0.0,1.0,0.0,999999999.0,0.0,999999999.0
877,2,1.0,simple,1.1,5,0.53,0.0,1.0,0.0,999999999.0,0.0,999999999.0
878,2,1.0,simple,1.1,7,0.53,0.0,1.0,0.0,999999999.0,0.0,999999999.0
879,2,1.0,simple,1.15,3,0.53,0.0,1.0,0.0,999999999.0,0.0,999999999.0
880,2,1.0,simple,1.15,5,0.53,0.0,1.0,0.0,999999999.0,0.0,999999999.0
881,2,1.0,simple,1.15,7,0.53,0.0,1.0,0.0,999999999.0,0.0,999999999.0
882,2,1.0,simple,1.2,3,0.53,0.0,1.0,0.0,999999999.0,0.0,999999999.0
883,2,1.0,simple,1.2,5,0.53,0.0,1.0,0.0,999999999.0,0.0,999999999.0
884,2,1.0,simple,1.2,7,0.53,0.0,1.0,0.0,999999999.0,0.0,999999999.0
885,2,1.0,daytime,1.0,3,0.53,0.0,1.0,0.0,999999999.0,0.0,999999999.0
886,2,1.0,daytime,1.0,5,0.53,0.0,1.0,0.0,999999999.0,0.0,999999999.0
887,2,1.0,daytime,1.0,7,0.53,0.0,1.0,0.0,999999999.0,0.0,999999999.0
888,2,1.0,daytime,1.05,3,0.53,0.0,1.0,0.0,999999999.0,0.0,999999999.0
889,2,1.0,daytime,1.05,5,0.53,0.0,1.0,0.0,999999999.0,0.0,999999999.0
890,2,1.0,daytime,1.05,7,0.53,0.0,1.0,0.0,999999999.0,0.0,999999999.0
891,2,1.0,daytime,1.1,3,0.53,0.0,1.0,0.0,999999999.0,0.0,999999999.0
892,2,1.0,daytime,1.1,5,0.53,0.0,1.0,0.0,999999999.0,0.0,999999999.0
893,2,1.0,daytime,1.1,7,0.53,0.0,1.0,0.0,999999999.0,0.0,999999999.0
894,2,1.0,daytime,1.15,3,0.53,0.0,1.0,0.0,999999999.0,0.0,999999999.0
895,2,1.0,daytime,1.15,5,0.53,0.0,1.0,0.0,999999999.0,0.0,999999999.0
896,2,1.0,daytime,1.15,7,0.53,0.0,1.0,0.0,999999999.0,0.0,999999999.0
897,2,1.0,daytime,1.2,3,0.53,0.0,1.0,0.0,999999999.0,0.0,999999999.0
898,2,1.0,daytime,1.2,5,0.53,0.0,1.0,0.0,999999999.0,0.0,999999999.0
899,2,1.0,daytime,1.2,7,0.53,0.0,1.0,0.0,999999999.0,0.0,999999999.0
900,3,0.1,simple,1.0,3,0.9,0.796,1.0,1.0,5.513,9.248,0.0
901,3,0.1,simple,1.0,5,0.9,0.796,1.0,1.0,5.821,9.229,0.0
902,3,0.1,simple,1.0,7,0.9,0.796,1.0,1.0,5.846,9.407,0.0
903,3,0.1,simple,1.05,3,0.9,0.796,1.0,1.0,8.692,16.245,1.0
904,3,0.1,simple,1.05,5,0.9,0.796,1.0,1.0,13.513,41.407,2.0
905,3,0.1,simple,1.05,7,0.89,0.776,1.0,1.0,8.789,15.853,1.5
906,3,0.1,simple,1.1,3,0.89,0.776,1.0,1.0,11.0,25.068,1.0
907,3,0.1,simple,1.1,5,0.89,0.776,1.0,1.0,11.395,25.01,1.5
908,3,0.1,simple,1.1,7,0.89,0.776,1.0,1.0,11.368,25.018,1.5
909,3,0.1,simple,1.15,3,0.89,0.776,1.0,1.0,11.079,25.058,1.0
910,3,0.1,simple,1.15,5,0.89,0.776,1.0,1.0,12.737,26.323,1.5
911,3,0.1,simple,1.15,7,0.89,0.776,1.0,1.0,14.763,32.492,1.5
912,3,0.1,simple,1.2,3,0.89,0.776,1.0,1.0,11.184,25.147,1.0
913,3,0.1,simple,1.2,5,0.88,0.755,1.0,1.0,12.757,27.186,1.0
914,3,0.1,simple,1.2,7,0.88,0.755,1.0,1.0,13.973,28.124,1.0
915,3,0.1,daytime,1.0,3,0.96,0.939,0.98,0.979,11.065,31.077,1.0
916,3,0.1,daytime,1.0,5,0.95,0.918,0.98,0.978,7.067,12.23,1.0
917,3,0.1,daytime,1.0,7,0.94,0.898,0.98,0.978,6.114,10.508,1.0
918,3,0.1,daytime,1.05,3,0.94,0.898,0.98,0.978,6.182,10.836,0.5
919,3,0.1,daytime,1.05,5,0.94,0.898,0.98,0.978,6.409,10.88,1.0
920,3,0.1,daytime,1.05,7,0.94,0.898,0.98,0.978,6.386,10.886,1.0
921,3,0.1,daytime,1.1,3,0.94,0.898,0.98,0.978,7.682,14.511,0.5
922,3,0.1,daytime,1.1,5,0.94,0.898,0.98,0.978,7.932,14.55,1.0
923,3,0.1,daytime,1.1,7,0.94,0.898,0.98,0.978,8.818,16.244,1.0
924,3,0.1,daytime,1.15,3,0.94,0.898,0.98,0.978,8.955,16.762,1.0
925,3,0.1,daytime,1.15,5,0.94,0.898,0.98,0.978,9.955,17.309,1.0
926,3,0.1,daytime,1.15,7,0.94,0.898,0.98,0.978,9.909,17.328,1.0
927,3,0.1,daytime,1.2,3,0.94,0.898,0.98,0.978,12.682,29.115,1.0
928,3,0.1,daytime,1.2,5,0.94,0.898,0.98,0.978,16.955,39.97,1.0
929,3,0.1,daytime,1.2,7,0.94,0.878,1.0,1.0,14.698,36.241,1.0
930,3,0.2,simple,1.0,3,0.8,0.592,1.0,1.0,4.621,8.315,0.0
931,3,0.2,simple,1.0,5,0.8,0.592,1.0,1.0,4.655,8.297,0.0
932,3,0.2,simple,1.0,7,0.8,0.592,1.0,1.0,4.621,8.302,0.0
933,3,0.2,simple,1.05,3,0.79,0.571,1.0,1.0,4.964,8.83,0.0
934,3,0.2,simple,1.05,5,0.79,0.571,1.0,1.0,6.607,15.303,0.0
935,3,0.2,simple,1.05,7,0.79,0.571,1.0,1.0,9.821,24.101,0.0
936,3,0.2,simple,1.1,3,0.78,0.551,1.0,1.0,4.481,7.421,0.0
937,3,0.2,simple,1.1,5,0.78,0.551,1.0,1.0,7.889,20.699,0.0
938,3,0.2,simple,1.1,7,0.77,0.531,1.0,1.0,7.923,21.099,0.0
939,3,0.2,simple,1.15,3,0.77,0.531,1.0,1.0,4.538,7.707,0.0
940,3,0.2,simple,1.15,5,0.77,0.531,1.0,1.0,10.654,23.828,0.0
941,3,0.2,simple,1.15,7,0.77,0.531,1.0,1.0,12.231,26.077,0.0
942,3,0.2,simple,1.2,3,0.77,0.531,1.0,1.0,6.808,13.792,0.0
943,3,0.2,simple,1.2,5,0.77,0.531,1.0,1.0,12.346,26.285,0.0
944,3,0.2,simple,1.2,7,0.77,0.531,1.0,1.0,15.808,40.837,0.0
945,3,0.2,daytime,1.0,3,0.92,0.837,1.0,1.0,8.488,19.143,1.0
946,3,0.2,daytime,1.0,5,0.92,0.837,1.0,1.0,9.683,25.934,1.0
947,3,0.2,daytime,1.0,7,0.92,0.837,1.0,1.0,11.122,27.083,1.0
948,3,0.2,daytime,1.05,3,0.92,0.837,1.0,1.0,11.439,27.613,1.0
949,3,0.2,daytime,1.05,5,0.92,0.837,1.0,1.0,11.463,27.604,1.0
950,3,0.2,daytime,1.05,7,0.92,0.837,1.0,1.0,12.049,28.174,1.0
951,3,0.2,daytime,1.1,3,0.92,0.837,1.0,1.0,11.512,27.615,1.0
952,3,0.2,daytime,1.1,5,0.92,0.837,1.0,1.0,12.122,28.155,1.0
953,3,0.2,daytime,1.1,7,0.92,0.837,1.0,1.0,13.39,29.971,1.0
954,3,0.2,daytime,1.15,3,0.91,0.816,1.0,1.0,10.325,26.898,0.5
955,3,0.2,daytime,1.15,5,0.91,0.816,1.0,1.0,12.125,29.491,1.0
956,3,0.2,daytime,1.15,7,0.91,0.816,1.0,1.0,12.3,29.442,1.5
957,3,0.2,daytime,1.2,3,0.91,0.816,1.0,1.0,11.125,27.807,0.5
958,3,0.2,daytime,1.2,5,0.91,0.816,1.0,1.0,12.3,29.738,1.0
959,3,0.2,daytime,1.2,7,0.91,0.816,1.0,1.0,13.925,30.735,2.0
960,3,0.3,simple,1.0,3,0.74,0.469,1.0,1.0,4.783,7.918,0.0
961,3,0.3,simple,1.0,5,0.74,0.469,1.0,1.0,4.87,8.018,0.0
962,3,0.3,simple,1.0,7,0.74,0.469,1.0,1.0,5.261,8.798,0.0
963,3,0.3,simple,1.05,3,0.74,0.469,1.0,1.0,4.783,7.918,0.0
964,3,0.3,simple,1.05,5,0.72,0.429,1.0,1.0,3.857,7.655,0.0
965,3,0.3,simple,1.05,7,0.72,0.429,1.0,1.0,3.81,7.657,0.0
966,3,0.3,simple,1.1,3,0.71,0.408,1.0,1.0,4.05,7.794,0.0
967,3,0.3,simple,1.1,5,0.71,0.408,1.0,1.0,6.1,12.684,0.0
968,3,0.3,simple,1.1,7,0.71,0.408,1.0,1.0,6.05,12.694,0.0
969,3,0.3,simple,1.15,3,0.71,0.408,1.0,1.0,4.05,7.794,0.0
970,3,0.3,simple,1.15,5,0.71,0.408,1.0,1.0,6.1,12.684,0.0
971,3,0.3,simple,1.15,7,0.71,0.408,1.0,1.0,6.05,12.694,0.0
972,3,0.3,simple,1.2,3,0.71,0.408,1.0,1.0,6.1,12.684,0.0
973,3,0.3,simple,1.2,5,0.71,0.408,1.0,1.0,6.1,12.684,0.0
974,3,0.3,simple,1.2,7,0.71,0.408,1.0,1.0,6.05,12.694,0.0
975,3,0.3,daytime,1.0,3,0.84,0.673,1.0,1.0,15.182,33.252,1.0
976,3,0.3,daytime,1.0,5,0.84,0.673,1.0,1.0,15.727,33.161,2.0
977,3,0.3,daytime,1.0,7,0.84,0.673,1.0,1.0,16.182,33.252,3.0
978,3,0.3,daytime,1.05,3,0.84,0.673,1.0,1.0,15.545,33.569,1.0
979,3,0.3,daytime,1.05,5,0.83,0.653,1.0,1.0,14.406,31.938,2.0
980,3,0.3,daytime,1.05,7,0.83,0.653,1.0,1.0,14.375,31.949,2.0
981,3,0.3,daytime,1.1,3,0.83,0.653,1.0,1.0,13.469,31.856,0.5
982,3,0.3,daytime,1.1,5,0.83,0.653,1.0,1.0,14.438,31.928,2.0
983,3,0.3,daytime,1.1,7,0.83,0.653,1.0,1.0,14.656,31.903,2.0
984,3,0.3,daytime,1.15,3,0.83,0.653,1.0,1.0,14.531,31.928,2.0
985,3,0.3,daytime,1.15,5,0.83,0.653,1.0,1.0,14.75,31.899,2.0
986,3,0.3,daytime,1.15,7,0.83,0.653,1.0,1.0,14.75,32.062,2.0
987,3,0.3,daytime,1.2,3,0.83,0.653,1.0,1.0,14.969,32.72,2.0
988,3,0.3,daytime,1.2,5,0.83,0.653,1.0,1.0,15.0,32.718,2.0
989,3,0.3,daytime,1.2,7,0.82,0.633,1.0,1.0,10.161,16.551,1.0
990,3,0.4,simple,1.0,3,0.66,0.306,1.0,1.0,5.333,8.623,0.0
991,3,0.4,simple,1.0,5,0.66,0.306,1.0,1.0,5.333,8.623,0.0
992,3,0.4,simple,1.0,7,0.66,0.306,1.0,1.0,5.267,8.637,0.0
993,3,0.4,simple,1.05,3,0.66,0.306,1.0,1.0,8.067,14.107,0.0
994,3,0.4,simple,1.05,5,0.66,0.306,1.0,1.0,8.133,14.212,0.0
995,3,0.4,simple,1.05,7,0.66,0.306,1.0,1.0,9.333,16.827,0.0
996,3,0.4,simple,1.1,3,0.66,0.306,1.0,1.0,8.133,14.306,0.0
997,3,0.4,simple,1.1,5,0.66,0.306,1.0,1.0,9.533,17.13,0.0
998,3,0.4,simple,1.1,7,0.66,0.306,1.0,1.0,15.733,36.589,0.0
999,3,0.4,simple,1.15,3,0.65,0.286,1.0,1.0,16.857,37.898,0.0
1000,3,0.4,simple,1.15,5,0.64,0.265,1.0,1.0,7.0,13.655,0.0
1001,3,0.4,simple,1.15,7,0.64,0.265,1.0,1.0,6.923,13.675,0.0
1002,3,0.4,simple,1.2,3,0.64,0.265,1.0,1.0,7.0,13.655,0.0
1003,3,0.4,simple,1.2,5,0.64,0.265,1.0,1.0,7.0,13.655,0.0
1004,3,0.4,simple,1.2,7,0.64,0.265,1.0,1.0,6.923,13.675,0.0
1005,3,0.4,daytime,1.0,3,0.75,0.49,1.0,1.0,20.75,47.884,2.0
1006,3,0.4,daytime,1.0,5,0.75,0.49,1.0,1.0,20.833,47.865,2.0
1007,3,0.4,daytime,1.0,7,0.75,0.49,1.0,1.0,21.125,47.887,1.5
1008,3,0.4,daytime,1.05,3,0.74,0.469,1.0,1.0,21.0,48.877,0.0
1009,3,0.4,daytime,1.05,5,0.74,0.469,1.0,1.0,21.348,48.895,0.0
1010,3,0.4,daytime,1.05,7,0.72,0.429,1.0,1.0,21.476,51.132,0.0
1011,3,0.4,daytime,1.1,3,0.74,0.469,1.0,1.0,21.435,49.021,0.0
1012,3,0.4,daytime,1.1,5,0.73,0.449,1.0,1.0,21.818,50.089,0.0
1013,3,0.4,daytime,1.1,7,0.71,0.408,1.0,1.0,22.65,52.284,0.5
1014,3,0.4,daytime,1.15,3,0.73,0.449,1.0,1.0,14.591,37.881,0.0
1015,3,0.4,daytime,1.15,5,0.71,0.408,1.0,1.0,15.4,39.586,0.0
1016,3,0.4,daytime,1.15,7,0.7,0.388,1.0,1.0,14.789,40.518,0.0
1017,3,0.4,daytime,1.2,3,0.72,0.429,1.0,1.0,14.762,38.791,0.0
1018,3,0.4,daytime,1.2,5,0.7,0.388,1.0,1.0,14.947,40.491,0.0
1019,3,0.4,daytime,1.2,7,0.7,0.388,1.0,1.0,14.947,40.49,0.0
1020,3,0.5,simple,1.0,3,0.58,0.143,1.0,1.0,6.714,8.362,0.0
1021,3,0.5,simple,1.0,5,0.58,0.143,1.0,1.0,6.714,8.362,0.0
1022,3,0.5,simple,1.0,7,0.58,0.143,1.0,1.0,6.714,8.362,0.0
1023,3,0.5,simple,1.05,3,0.58,0.143,1.0,1.0,6.714,8.362,0.0
1024,3,0.5,simple,1.05,5,0.58,0.143,1.0,1.0,6.857,8.56,0.0
1025,3,0.5,simple,1.05,7,0.58,0.143,1.0,1.0,6.857,8.56,0.0
1026,3,0.5,simple,1.1,3,0.58,0.143,1.0,1.0,7.0,8.767,0.0
1027,3,0.5,simple,1.1,5,0.58,0.143,1.0,1.0,7.0,8.767,0.0
1028,3,0.5,simple,1.1,7,0.58,0.143,1.0,1.0,7.0,8.767,0.0
1029,3,0.5,simple,1.15,3,0.58,0.143,1.0,1.0,7.0,8.767,0.0
1030,3,0.5,simple,1.15,5,0.58,0.143,1.0,1.0,7.0,8.767,0.0
1031,3,0.5,simple,1.15,7,0.58,0.143,1.0,1.0,20.571,39.177,0.0
1032,3,0.5,simple,1.2,3,0.58,0.143,1.0,1.0,20.571,39.177,0.0
1033,3,0.5,simple,1.2,5,0.58,0.143,1.0,1.0,20.571,39.177,0.0
1034,3,0.5,simple,1.2,7,0.57,0.122,1.0,1.0,20.667,42.315,0.0
1035,3,0.5,daytime,1.0,3,0.63,0.245,1.0,1.0,12.083,24.938,0.5
1036,3,0.5,daytime,1.0,5,0.63,0.245,1.0,1.0,12.083,24.938,0.5
1037,3,0.5,daytime,1.0,7,0.62,0.224,1.0,1.0,13.273,26.368,0.0
1038,3,0.5,daytime,1.05,3,0.62,0.224,1.0,1.0,13.091,25.812,0.0
1039,3,0.5,daytime,1.05,5,0.62,0.224,1.0,1.0,13.909,28.321,0.0
1040,3,0.5,daytime,1.05,7,0.62,0.224,1.0,1.0,13.909,28.321,0.0
1041,3,0.5,daytime,1.1,3,0.62,0.224,1.0,1.0,13.182,25.813,0.0
1042,3,0.5,daytime,1.1,5,0.62,0.224,1.0,1.0,14.091,28.599,0.0
1043,3,0.5,daytime,1.1,7,0.62,0.224,1.0,1.0,14.091,28.599,0.0
1044,3,0.5,daytime,1.15,3,0.62,0.224,1.0,1.0,14.273,29.158,0.0
1045,3,0.5,daytime,1.15,5,0.62,0.224,1.0,1.0,14.273,29.158,0.0
1046,3,0.5,daytime,1.15,7,0.62,0.224,1.0,1.0,14.182,28.878,0.0
1047,3,0.5,daytime,1.2,3,0.62,0.224,1.0,1.0,14.273,29.158,0.0
1048,3,0.5,daytime,1.2,5,0.62,0.224,1.0,1.0,14.273,29.158,0.0
1049,3,0.5,daytime,1.2,7,0.62,0.224,1.0,1.0,14.182,28.878,0.0
1050,3,0.6,simple,1.0,3,0.53,0.041,1.0,1.0,10.0,10.0,10.0
1051,3,0.6,simple,1.0,5,0.52,0.02,1.0,1.0,0.0,0.0,0.0
1052,3,0.6,simple,1.0,7,0.52,0.02,1.0,1.0,0.0,0.0,0.0
1053,3,0.6,simple,1.05,3,0.53,0.041,1.0,1.0,10.0,10.0,10.0
1054,3,0.6,simple,1.05,5,0.52,0.02,1.0,1.0,0.0,0.0,0.0
1055,3,0.6,simple,1.05,7,0.52,0.02,1.0,1.0,0.0,0.0,0.0
1056,3,0.6,simple,1.1,3,0.53,0.041,1.0,1.0,10.0,10.0,10.0
1057,3,0.6,simple,1.1,5,0.52,0.02,1.0,1.0,0.0,0.0,0.0
1058,3,0.6,simple,1.1,7,0.52,0.02,1.0,1.0,0.0,0.0,0.0
1059,3,0.6,simple,1.15,3,0.52,0.02,1.0,1.0,0.0,0.0,0.0
1060,3,0.6,simple,1.15,5,0.52,0.02,1.0,1.0,0.0,0.0,0.0
1061,3,0.6,simple,1.15,7,0.52,0.02,1.0,1.0,0.0,0.0,0.0
1062,3,0.6,simple,1.2,3,0.52,0.02,1.0,1.0,0.0,0.0,0.0
1063,3,0.6,simple,1.2,5,0.52,0.02,1.0,1.0,0.0,0.0,0.0
1064,3,0.6,simple,1.2,7,0.52,0.02,1.0,1.0,0.0,0.0,0.0
1065,3,0.6,daytime,1.0,3,0.54,0.061,1.0,1.0,6.667,9.428,0.0
1066,3,0.6,daytime,1.0,5,0.54,0.061,1.0,1.0,6.667,9.428,0.0
1067,3,0.6,daytime,1.0,7,0.54,0.061,1.0,1.0,6.667,9.428,0.0
1068,3,0.6,daytime,1.05,3,0.54,0.061,1.0,1.0,6.667,9.428,0.0
1069,3,0.6,daytime,1.05,5,0.54,0.061,1.0,1.0,6.667,9.428,0.0
1070,3,0.6,daytime,1.05,7,0.54,0.061,1.0,1.0,6.667,9.428,0.0
1071,3,0.6,daytime,1.1,3,0.54,0.061,1.0,1.0,8.333,8.498,5.0
1072,3,0.6,daytime,1.1,5,0.54,0.061,1.0,1.0,8.333,8.498,5.0
1073,3,0.6,daytime,1.1,7,0.54,0.061,1.0,1.0,8.333,8.498,5.0
1074,3,0.6,daytime,1.15,3,0.54,0.061,1.0,1.0,8.333,8.498,5.0
1075,3,0.6,daytime,1.15,5,0.54,0.061,1.0,1.0,8.333,8.498,5.0
1076,3,0.6,daytime,1.15,7,0.54,0.061,1.0,1.0,8.333,8.498,5.0
1077,3,0.6,daytime,1.2,3,0.54,0.061,1.0,1.0,8.333,8.498,5.0
1078,3,0.6,daytime,1.2,5,0.54,0.061,1.0,1.0,8.333,8.498,5.0
1079,3,0.6,daytime,1.2,7,0.53,0.041,1.0,1.0,2.5,2.5,2.5
1080,3,0.7,simple,1.0,3,0.51,0.0,1.0,0.0,999999999.0,0.0,999999999.0
1081,3,0.7,simple,1.0,5,0.51,0.0,1.0,0.0,999999999.0,0.0,999999999.0
1082,3,0.7,simple,1.0,7,0.51,0.0,1.0,0.0,999999999.0,0.0,999999999.0
1083,3,0.7,simple,1.05,3,0.51,0.0,1.0,0.0,999999999.0,0.0,999999999.0
1084,3,0.7,simple,1.05,5,0.51,0.0,1.0,0.0,999999999.0,0.0,999999999.0
1085,3,0.7,simple,1.05,7,0.51,0.0,1.0,0.0,999999999.0,0.0,999999999.0
1086,3,0.7,simple,1.1,3,0.51,0.0,1.0,0.0,999999999.0,0.0,999999999.0
1087,3,0.7,simple,1.1,5,0.51,0.0,1.0,0.0,999999999.0,0.0,999999999.0
1088,3,0.7,simple,1.1,7,0.51,0.0,1.0,0.0,999999999.0,0.0,999999999.0
1089,3,0.7,simple,1.15,3,0.51,0.0,1.0,0.0,999999999.0,0.0,999999999.0
1090,3,0.7,simple,1.15,5,0.51,0.0,1.0,0.0,999999999.0,0.0,999999999.0
1091,3,0.7,simple,1.15,7,0.51,0.0,1.0,0.0,999999999.0,0.0,999999999.0
1092,3,0.7,simple,1.2,3,0.51,0.0,1.0,0.0,999999999.0,0.0,999999999.0
1093,3,0.7,simple,1.2,5,0.51,0.0,1.0,0.0,999999999.0,0.0,999999999.0
1094,3,0.7,simple,1.2,7,0.51,0.0,1.0,0.0,999999999.0,0.0,999999999.0
1095,3,0.7,daytime,1.0,3,0.51,0.0,1.0,0.0,999999999.0,0.0,999999999.0
1096,3,0.7,daytime,1.0,5,0.51,0.0,1.0,0.0,999999999.0,0.0,999999999.0
1097,3,0.7,daytime,1.0,7,0.51,0.0,1.0,0.0,999999999.0,0.0,999999999.0
1098,3,0.7,daytime,1.05,3,0.51,0.0,1.0,0.0,999999999.0,0.0,999999999.0
1099,3,0.7,daytime,1.05,5,0.51,0.0,1.0,0.0,999999999.0,0.0,999999999.0
1100,3,0.7,daytime,1.05,7,0.51,0.0,1.0,0.0,999999999.0,0.0,999999999.0
1101,3,0.7,daytime,1.1,3,0.51,0.0,1.0,0.0,999999999.0,0.0,999999999.0
1102,3,0.7,daytime,1.1,5,0.51,0.0,1.0,0.0,999999999.0,0.0,999999999.0
1103,3,0.7,daytime,1.1,7,0.51,0.0,1.0,0.0,999999999.0,0.0,999999999.0
1104,3,0.7,daytime,1.15,3,0.51,0.0,1.0,0.0,999999999.0,0.0,999999999.0
1105,3,0.7,daytime,1.15,5,0.51,0.0,1.0,0.0,999999999.0,0.0,999999999.0
1106,3,0.7,daytime,1.15,7,0.51,0.0,1.0,0.0,999999999.0,0.0,999999999.0
1107,3,0.7,daytime,1.2,3,0.51,0.0,1.0,0.0,999999999.0,0.0,999999999.0
1108,3,0.7,daytime,1.2,5,0.51,0.0,1.0,0.0,999999999.0,0.0,999999999.0
1109,3,0.7,daytime,1.2,7,0.51,0.0,1.0,0.0,999999999.0,0.0,999999999.0
1110,3,0.8,simple,1.0,3,0.51,0.0,1.0,0.0,999999999.0,0.0,999999999.0
1111,3,0.8,simple,1.0,5,0.51,0.0,1.0,0.0,999999999.0,0.0,999999999.0
1112,3,0.8,simple,1.0,7,0.51,0.0,1.0,0.0,999999999.0,0.0,999999999.0
1113,3,0.8,simple,1.05,3,0.51,0.0,1.0,0.0,999999999.0,0.0,999999999.0
1114,3,0.8,simple,1.05,5,0.51,0.0,1.0,0.0,999999999.0,0.0,999999999.0
1115,3,0.8,simple,1.05,7,0.51,0.0,1.0,0.0,999999999.0,0.0,999999999.0
1116,3,0.8,simple,1.1,3,0.51,0.0,1.0,0.0,999999999.0,0.0,999999999.0
1117,3,0.8,simple,1.1,5,0.51,0.0,1.0,0.0,999999999.0,0.0,999999999.0
1118,3,0.8,simple,1.1,7,0.51,0.0,1.0,0.0,999999999.0,0.0,999999999.0
1119,3,0.8,simple,1.15,3,0.51,0.0,1.0,0.0,999999999.0,0.0,999999999.0
1120,3,0.8,simple,1.15,5,0.51,0.0,1.0,0.0,999999999.0,0.0,999999999.0
1121,3,0.8,simple,1.15,7,0.51,0.0,1.0,0.0,999999999.0,0.0,999999999.0
1122,3,0.8,simple,1.2,3,0.51,0.0,1.0,0.0,999999999.0,0.0,999999999.0
1123,3,0.8,simple,1.2,5,0.51,0.0,1.0,0.0,999999999.0,0.0,999999999.0
1124,3,0.8,simple,1.2,7,0.51,0.0,1.0,0.0,999999999.0,0.0,999999999.0
1125,3,0.8,daytime,1.0,3,0.51,0.0,1.0,0.0,999999999.0,0.0,999999999.0
1126,3,0.8,daytime,1.0,5,0.51,0.0,1.0,0.0,999999999.0,0.0,999999999.0
1127,3,0.8,daytime,1.0,7,0.51,0.0,1.0,0.0,999999999.0,0.0,999999999.0
1128,3,0.8,daytime,1.05,3,0.51,0.0,1.0,0.0,999999999.0,0.0,999999999.0
1129,3,0.8,daytime,1.05,5,0.51,0.0,1.0,0.0,999999999.0,0.0,999999999.0
1130,3,0.8,daytime,1.05,7,0.51,0.0,1.0,0.0,999999999.0,0.0,999999999.0
1131,3,0.8,daytime,1.1,3,0.51,0.0,1.0,0.0,999999999.0,0.0,999999999.0
1132,3,0.8,daytime,1.1,5,0.51,0.0,1.0,0.0,999999999.0,0.0,999999999.0
1133,3,0.8,daytime,1.1,7,0.51,0.0,1.0,0.0,999999999.0,0.0,999999999.0
1134,3,0.8,daytime,1.15,3,0.51,0.0,1.0,0.0,999999999.0,0.0,999999999.0
1135,3,0.8,daytime,1.15,5,0.51,0.0,1.0,0.0,999999999.0,0.0,999999999.0
1136,3,0.8,daytime,1.15,7,0.51,0.0,1.0,0.0,999999999.0,0.0,999999999.0
1137,3,0.8,daytime,1.2,3,0.51,0.0,1.0,0.0,999999999.0,0.0,999999999.0
1138,3,0.8,daytime,1.2,5,0.51,0.0,1.0,0.0,999999999.0,0.0,999999999.0
1139,3,0.8,daytime,1.2,7,0.51,0.0,1.0,0.0,999999999.0,0.0,999999999.0
1140,3,0.9,simple,1.0,3,0.51,0.0,1.0,0.0,999999999.0,0.0,999999999.0
1141,3,0.9,simple,1.0,5,0.51,0.0,1.0,0.0,999999999.0,0.0,999999999.0
1142,3,0.9,simple,1.0,7,0.51,0.0,1.0,0.0,999999999.0,0.0,999999999.0
1143,3,0.9,simple,1.05,3,0.51,0.0,1.0,0.0,999999999.0,0.0,999999999.0
1144,3,0.9,simple,1.05,5,0.51,0.0,1.0,0.0,999999999.0,0.0,999999999.0
1145,3,0.9,simple,1.05,7,0.51,0.0,1.0,0.0,999999999.0,0.0,999999999.0
1146,3,0.9,simple,1.1,3,0.51,0.0,1.0,0.0,999999999.0,0.0,999999999.0
1147,3,0.9,simple,1.1,5,0.51,0.0,1.0,0.0,999999999.0,0.0,999999999.0
1148,3,0.9,simple,1.1,7,0.51,0.0,1.0,0.0,999999999.0,0.0,999999999.0
1149,3,0.9,simple,1.15,3,0.51,0.0,1.0,0.0,999999999.0,0.0,999999999.0
1150,3,0.9,simple,1.15,5,0.51,0.0,1.0,0.0,999999999.0,0.0,999999999.0
1151,3,0.9,simple,1.15,7,0.51,0.0,1.0,0.0,999999999.0,0.0,999999999.0
1152,3,0.9,simple,1.2,3,0.51,0.0,1.0,0.0,999999999.0,0.0,999999999.0
1153,3,0.9,simple,1.2,5,0.51,0.0,1.0,0.0,999999999.0,0.0,999999999.0
1154,3,0.9,simple,1.2,7,0.51,0.0,1.0,0.0,999999999.0,0.0,999999999.0
1155,3,0.9,daytime,1.0,3,0.51,0.0,1.0,0.0,999999999.0,0.0,999999999.0
1156,3,0.9,daytime,1.0,5,0.51,0.0,1.0,0.0,999999999.0,0.0,999999999.0
1157,3,0.9,daytime,1.0,7,0.51,0.0,1.0,0.0,999999999.0,0.0,999999999.0
1158,3,0.9,daytime,1.05,3,0.51,0.0,1.0,0.0,999999999.0,0.0,999999999.0
1159,3,0.9,daytime,1.05,5,0.51,0.0,1.0,0.0,999999999.0,0.0,999999999.0
1160,3,0.9,daytime,1.05,7,0.51,0.0,1.0,0.0,999999999.0,0.0,999999999.0
1161,3,0.9,daytime,1.1,3,0.51,0.0,1.0,0.0,999999999.0,0.0,999999999.0
1162,3,0.9,daytime,1.1,5,0.51,0.0,1.0,0.0,999999999.0,0.0,999999999.0
1163,3,0.9,daytime,1.1,7,0.51,0.0,1.0,0.0,999999999.0,0.0,999999999.0
1164,3,0.9,daytime,1.15,3,0.51,0.0,1.0,0.0,999999999.0,0.0,999999999.0
1165,3,0.9,daytime,1.15,5,0.51,0.0,1.0,0.0,999999999.0,0.0,999999999.0
1166,3,0.9,daytime,1.15,7,0.51,0.0,1.0,0.0,999999999.0,0.0,999999999.0
1167,3,0.9,daytime,1.2,3,0.51,0.0,1.0,0.0,999999999.0,0.0,999999999.0
1168,3,0.9,daytime,1.2,5,0.51,0.0,1.0,0.0,999999999.0,0.0,999999999.0
1169,3,0.9,daytime,1.2,7,0.51,0.0,1.0,0.0,999999999.0,0.0,999999999.0
1170,3,1.0,simple,1.0,3,0.51,0.0,1.0,0.0,999999999.0,0.0,999999999.0
1171,3,1.0,simple,1.0,5,0.51,0.0,1.0,0.0,999999999.0,0.0,999999999.0
1172,3,1.0,simple,1.0,7,0.51,0.0,1.0,0.0,999999999.0,0.0,999999999.0
1173,3,1.0,simple,1.05,3,0.51,0.0,1.0,0.0,999999999.0,0.0,999999999.0
1174,3,1.0,simple,1.05,5,0.51,0.0,1.0,0.0,999999999.0,0.0,999999999.0
1175,3,1.0,simple,1.05,7,0.51,0.0,1.0,0.0,999999999.0,0.0,999999999.0
1176,3,1.0,simple,1.1,3,0.51,0.0,1.0,0.0,999999999.0,0.0,999999999.0
1177,3,1.0,simple,1.1,5,0.51,0.0,1.0,0.0,999999999.0,0.0,999999999.0
1178,3,1.0,simple,1.1,7,0.51,0.0,1.0,0.0,999999999.0,0.0,999999999.0
1179,3,1.0,simple,1.15,3,0.51,0.0,1.0,0.0,999999999.0,0.0,999999999.0
1180,3,1.0,simple,1.15,5,0.51,0.0,1.0,0.0,999999999.0,0.0,999999999.0
1181,3,1.0,simple,1.15,7,0.51,0.0,1.0,0.0,999999999.0,0.0,999999999.0
1182,3,1.0,simple,1.2,3,0.51,0.0,1.0,0.0,999999999.0,0.0,999999999.0
1183,3,1.0,simple,1.2,5,0.51,0.0,1.0,0.0,999999999.0,0.0,999999999.0
1184,3,1.0,simple,1.2,7,0.51,0.0,1.0,0.0,999999999.0,0.0,999999999.0
1185,3,1.0,daytime,1.0,3,0.51,0.0,1.0,0.0,999999999.0,0.0,999999999.0
1186,3,1.0,daytime,1.0,5,0.51,0.0,1.0,0.0,999999999.0,0.0,999999999.0
1187,3,1.0,daytime,1.0,7,0.51,0.0,1.0,0.0,999999999.0,0.0,999999999.0
1188,3,1.0,daytime,1.05,3,0.51,0.0,1.0,0.0,999999999.0,0.0,999999999.0
1189,3,1.0,daytime,1.05,5,0.51,0.0,1.0,0.0,999999999.0,0.0,999999999.0
1190,3,1.0,daytime,1.05,7,0.51,0.0,1.0,0.0,999999999.0,0.0,999999999.0
1191,3,1.0,daytime,1.1,3,0.51,0.0,1.0,0.0,999999999.0,0.0,999999999.0
1192,3,1.0,daytime,1.1,5,0.51,0.0,1.0,0.0,999999999.0,0.0,999999999.0
1193,3,1.0,daytime,1.1,7,0.51,0.0,1.0,0.0,999999999.0,0.0,999999999.0
1194,3,1.0,daytime,1.15,3,0.51,0.0,1.0,0.0,999999999.0,0.0,999999999.0
1195,3,1.0,daytime,1.15,5,0.51,0.0,1.0,0.0,999999999.0,0.0,999999999.0
1196,3,1.0,daytime,1.15,7,0.51,0.0,1.0,0.0,999999999.0,0.0,999999999.0
1197,3,1.0,daytime,1.2,3,0.51,0.0,1.0,0.0,999999999.0,0.0,999999999.0
1198,3,1.0,daytime,1.2,5,0.51,0.0,1.0,0.0,999999999.0,0.0,999999999.0
1199,3,1.0,daytime,1.2,7,0.51,0.0,1.0,0.0,999999999.0,0.0,999999999.0
1200,4,0.1,simple,1.0,3,0.89,0.824,0.959,0.955,4.667,7.779,0.0
1201,4,0.1,simple,1.0,5,0.89,0.824,0.959,0.955,5.262,8.264,0.0
1202,4,0.1,simple,1.0,7,0.89,0.824,0.959,0.955,5.667,8.326,0.5
1203,4,0.1,simple,1.05,3,0.89,0.804,0.98,0.976,4.61,7.864,0.0
1204,4,0.1,simple,1.05,5,0.89,0.804,0.98,0.976,5.22,8.359,0.0
1205,4,0.1,simple,1.05,7,0.89,0.804,0.98,0.976,5.634,8.424,0.0
1206,4,0.1,simple,1.1,3,0.89,0.804,0.98,0.976,5.098,8.357,0.0
1207,4,0.1,simple,1.1,5,0.9,0.804,1.0,1.0,5.707,8.791,0.0
1208,4,0.1,simple,1.1,7,0.9,0.804,1.0,1.0,6.098,8.787,0.0
1209,4,0.1,simple,1.15,3,0.9,0.804,1.0,1.0,5.146,8.467,0.0
1210,4,0.1,simple,1.15,5,0.89,0.784,1.0,1.0,5.475,8.919,0.0
1211,4,0.1,simple,1.15,7,0.89,0.784,1.0,1.0,5.875,8.906,0.0
1212,4,0.1,simple,1.2,3,0.89,0.784,1.0,1.0,5.425,10.502,0.0
1213,4,0.1,simple,1.2,5,0.89,0.784,1.0,1.0,6.05,10.84,0.0
1214,4,0.1,simple,1.2,7,0.89,0.784,1.0,1.0,7.425,15.417,0.0
1215,4,0.1,daytime,1.0,3,0.94,0.941,0.939,0.941,7.0,13.022,0.0
1216,4,0.1,daytime,1.0,5,0.94,0.941,0.939,0.941,7.792,13.158,0.5
1217,4,0.1,daytime,1.0,7,0.94,0.941,0.939,0.941,10.104,23.284,1.5
1218,4,0.1,daytime,1.05,3,0.94,0.941,0.939,0.941,10.021,26.336,0.0
1219,4,0.1,daytime,1.05,5,0.95,0.941,0.959,0.96,10.833,26.331,0.5
1220,4,0.1,daytime,1.05,7,0.95,0.941,0.959,0.96,11.188,26.299,1.5
1221,4,0.1,daytime,1.1,3,0.95,0.941,0.959,0.96,11.229,30.938,0.0
1222,4,0.1,daytime,1.1,5,0.95,0.941,0.959,0.96,13.917,39.794,0.5
1223,4,0.1,daytime,1.1,7,0.94,0.922,0.959,0.959,10.277,29.092,1.0
1224,4,0.1,daytime,1.15,3,0.95,0.941,0.959,0.96,12.479,35.9,0.0
1225,4,0.1,daytime,1.15,5,0.94,0.922,0.959,0.959,10.021,29.421,0.0
1226,4,0.1,daytime,1.15,7,0.94,0.922,0.959,0.959,10.532,29.423,1.0
1227,4,0.1,daytime,1.2,3,0.94,0.922,0.959,0.959,10.957,31.869,0.0
1228,4,0.1,daytime,1.2,5,0.94,0.922,0.959,0.959,11.532,31.867,0.0
1229,4,0.1,daytime,1.2,7,0.94,0.922,0.959,0.959,11.872,31.816,1.0
1230,4,0.2,simple,1.0,3,0.85,0.706,1.0,1.0,4.333,7.944,0.0
1231,4,0.2,simple,1.0,5,0.85,0.706,1.0,1.0,5.028,8.52,0.0
1232,4,0.2,simple,1.0,7,0.85,0.706,1.0,1.0,5.5,8.601,0.0
1233,4,0.2,simple,1.05,3,0.84,0.686,1.0,1.0,3.686,7.058,0.0
1234,4,0.2,simple,1.05,5,0.84,0.686,1.0,1.0,4.4,7.776,0.0
1235,4,0.2,simple,1.05,7,0.84,0.686,1.0,1.0,4.886,7.906,0.0
1236,4,0.2,simple,1.1,3,0.84,0.686,1.0,1.0,3.686,7.058,0.0
1237,4,0.2,simple,1.1,5,0.84,0.686,1.0,1.0,4.4,7.776,0.0
1238,4,0.2,simple,1.1,7,0.84,0.686,1.0,1.0,4.886,7.906,0.0
1239,4,0.2,simple,1.15,3,0.84,0.686,1.0,1.0,3.686,7.058,0.0
1240,4,0.2,simple,1.15,5,0.84,0.686,1.0,1.0,4.4,7.776,0.0
1241,4,0.2,simple,1.15,7,0.84,0.686,1.0,1.0,4.886,7.906,0.0
1242,4,0.2,simple,1.2,3,0.84,0.686,1.0,1.0,3.743,7.125,0.0
1243,4,0.2,simple,1.2,5,0.84,0.686,1.0,1.0,4.457,7.832,0.0
1244,4,0.2,simple,1.2,7,0.84,0.686,1.0,1.0,4.943,7.957,0.0
1245,4,0.2,daytime,1.0,3,0.94,0.882,1.0,1.0,9.222,30.267,0.0
1246,4,0.2,daytime,1.0,5,0.94,0.882,1.0,1.0,9.8,30.303,1.0
1247,4,0.2,daytime,1.0,7,0.94,0.882,1.0,1.0,10.178,30.263,2.0
1248,4,0.2,daytime,1.05,3,0.94,0.882,1.0,1.0,9.511,30.337,0.0
1249,4,0.2,daytime,1.05,5,0.94,0.882,1.0,1.0,10.067,30.368,1.0
1250,4,0.2,daytime,1.05,7,0.94,0.882,1.0,1.0,10.444,30.325,2.0
1251,4,0.2,daytime,1.1,3,0.94,0.882,1.0,1.0,9.533,30.339,0.0
1252,4,0.2,daytime,1.1,5,0.94,0.882,1.0,1.0,10.089,30.37,1.0
1253,4,0.2,daytime,1.1,7,0.94,0.882,1.0,1.0,10.467,30.326,2.0
1254,4,0.2,daytime,1.15,3,0.94,0.882,1.0,1.0,9.822,30.415,0.0
1255,4,0.2,daytime,1.15,5,0.94,0.882,1.0,1.0,10.378,30.441,1.0
1256,4,0.2,daytime,1.15,7,0.94,0.882,1.0,1.0,10.756,30.393,2.0
1257,4,0.2,daytime,1.2,3,0.94,0.882,1.0,1.0,9.889,30.403,0.0
1258,4,0.2,daytime,1.2,5,0.94,0.882,1.0,1.0,10.844,30.466,1.0
1259,4,0.2,daytime,1.2,7,0.94,0.882,1.0,1.0,13.2,31.268,2.0
1260,4,0.3,simple,1.0,3,0.78,0.569,1.0,1.0,8.069,20.029,0.0
1261,4,0.3,simple,1.0,5,0.77,0.549,1.0,1.0,6.179,14.358,0.0
1262,4,0.3,simple,1.0,7,0.77,0.549,1.0,1.0,6.821,14.36,0.0
1263,4,0.3,simple,1.05,3,0.76,0.529,1.0,1.0,4.852,14.347,0.0
1264,4,0.3,simple,1.05,5,0.76,0.529,1.0,1.0,5.741,14.716,0.0
1265,4,0.3,simple,1.05,7,0.76,0.529,1.0,1.0,6.407,14.738,0.0
1266,4,0.3,simple,1.1,3,0.76,0.529,1.0,1.0,5.333,14.767,0.0
1267,4,0.3,simple,1.1,5,0.75,0.51,1.0,1.0,3.769,7.218,0.0
1268,4,0.3,simple,1.1,7,0.75,0.51,1.0,1.0,4.462,7.448,0.0
1269,4,0.3,simple,1.15,3,0.75,0.51,1.0,1.0,2.692,5.447,0.0
1270,4,0.3,simple,1.15,5,0.75,0.51,1.0,1.0,3.885,7.516,0.0
1271,4,0.3,simple,1.15,7,0.75,0.51,1.0,1.0,5.038,9.358,0.0
1272,4,0.3,simple,1.2,3,0.75,0.51,1.0,1.0,4.846,14.984,0.0
1273,4,0.3,simple,1.2,5,0.75,0.51,1.0,1.0,8.077,23.606,0.0
1274,4,0.3,simple,1.2,7,0.75,0.51,1.0,1.0,8.769,23.551,0.0
1275,4,0.3,daytime,1.0,3,0.93,0.863,1.0,1.0,14.523,33.889,1.0
1276,4,0.3,daytime,1.0,5,0.93,0.863,1.0,1.0,17.182,38.071,1.0
1277,4,0.3,daytime,1.0,7,0.93,0.863,1.0,1.0,17.795,37.966,2.5
1278,4,0.3,daytime,1.05,3,0.93,0.863,1.0,1.0,14.636,33.88,1.0
1279,4,0.3,daytime,1.05,5,0.93,0.863,1.0,1.0,17.295,38.055,1.5
1280,4,0.3,daytime,1.05,7,0.93,0.863,1.0,1.0,17.909,37.948,2.5
1281,4,0.3,daytime,1.1,3,0.93,0.863,1.0,1.0,14.955,33.935,1.0
1282,4,0.3,daytime,1.1,5,0.93,0.863,1.0,1.0,17.614,38.082,1.5
1283,4,0.3,daytime,1.1,7,0.93,0.863,1.0,1.0,17.977,37.967,2.5
1284,4,0.3,daytime,1.15,3,0.93,0.863,1.0,1.0,17.295,37.681,2.0
1285,4,0.3,daytime,1.15,5,0.93,0.863,1.0,1.0,20.0,41.359,2.0
1286,4,0.3,daytime,1.15,7,0.93,0.863,1.0,1.0,20.341,41.242,3.0
1287,4,0.3,daytime,1.2,3,0.93,0.863,1.0,1.0,17.5,37.826,2.5
1288,4,0.3,daytime,1.2,5,0.93,0.863,1.0,1.0,20.205,41.482,2.5
1289,4,0.3,daytime,1.2,7,0.92,0.843,1.0,1.0,19.14,40.459,3.0
1290,4,0.4,simple,1.0,3,0.73,0.471,1.0,1.0,5.167,15.143,0.0
1291,4,0.4,simple,1.0,5,0.73,0.471,1.0,1.0,5.25,15.197,0.0
1292,4,0.4,simple,1.0,7,0.72,0.451,1.0,1.0,3.0,5.141,0.0
1293,4,0.4,simple,1.05,3,0.72,0.451,1.0,1.0,2.13,4.246,0.0
1294,4,0.4,simple,1.05,5,0.72,0.451,1.0,1.0,2.217,4.501,0.0
1295,4,0.4,simple,1.05,7,0.72,0.451,1.0,1.0,3.0,5.141,0.0
1296,4,0.4,simple,1.1,3,0.72,0.451,1.0,1.0,2.13,4.246,0.0
1297,4,0.4,simple,1.1,5,0.72,0.451,1.0,1.0,2.217,4.501,0.0
1298,4,0.4,simple,1.1,7,0.72,0.451,1.0,1.0,3.0,5.141,0.0
1299,4,0.4,simple,1.15,3,0.72,0.451,1.0,1.0,2.13,4.246,0.0
1300,4,0.4,simple,1.15,5,0.72,0.451,1.0,1.0,2.217,4.501,0.0
1301,4,0.4,simple,1.15,7,0.72,0.451,1.0,1.0,3.043,5.196,0.0
1302,4,0.4,simple,1.2,3,0.72,0.451,1.0,1.0,2.13,4.246,0.0
1303,4,0.4,simple,1.2,5,0.72,0.451,1.0,1.0,2.217,4.501,0.0
1304,4,0.4,simple,1.2,7,0.72,0.451,1.0,1.0,3.043,5.196,0.0
1305,4,0.4,daytime,1.0,3,0.88,0.765,1.0,1.0,11.231,19.004,3.0
1306,4,0.4,daytime,1.0,5,0.88,0.765,1.0,1.0,11.692,19.261,2.0
1307,4,0.4,daytime,1.0,7,0.88,0.765,1.0,1.0,15.872,33.457,3.0
1308,4,0.4,daytime,1.05,3,0.88,0.765,1.0,1.0,12.615,24.504,3.0
1309,4,0.4,daytime,1.05,5,0.88,0.765,1.0,1.0,13.179,24.76,2.0
1310,4,0.4,daytime,1.05,7,0.87,0.745,1.0,1.0,13.053,28.672,3.0
1311,4,0.4,daytime,1.1,3,0.87,0.745,1.0,1.0,9.658,15.913,2.0
1312,4,0.4,daytime,1.1,5,0.87,0.745,1.0,1.0,12.079,22.054,1.5
1313,4,0.4,daytime,1.1,7,0.87,0.745,1.0,1.0,15.0,32.094,3.0
1314,4,0.4,daytime,1.15,3,0.87,0.745,1.0,1.0,9.816,15.968,2.0
1315,4,0.4,daytime,1.15,5,0.87,0.745,1.0,1.0,12.658,22.003,3.5
1316,4,0.4,daytime,1.15,7,0.87,0.745,1.0,1.0,16.579,34.512,4.0
1317,4,0.4,daytime,1.2,3,0.87,0.745,1.0,1.0,10.263,15.912,4.0
1318,4,0.4,daytime,1.2,5,0.87,0.745,1.0,1.0,12.711,21.992,3.5
1319,4,0.4,daytime,1.2,7,0.87,0.745,1.0,1.0,17.0,34.499,5.0
1320,4,0.5,simple,1.0,3,0.63,0.275,1.0,1.0,2.214,5.226,0.0
1321,4,0.5,simple,1.0,5,0.63,0.275,1.0,1.0,2.143,5.222,0.0
1322,4,0.5,simple,1.0,7,0.63,0.275,1.0,1.0,12.5,36.284,0.0
1323,4,0.5,simple,1.05,3,0.63,0.275,1.0,1.0,2.214,5.226,0.0
1324,4,0.5,simple,1.05,5,0.63,0.275,1.0,1.0,12.286,36.348,0.0
1325,4,0.5,simple,1.05,7,0.62,0.255,1.0,1.0,13.462,37.482,0.0
1326,4,0.5,simple,1.1,3,0.62,0.255,1.0,1.0,13.462,37.559,0.0
1327,4,0.5,simple,1.1,5,0.61,0.235,1.0,1.0,12.75,39.049,0.0
1328,4,0.5,simple,1.1,7,0.61,0.235,1.0,1.0,13.0,38.976,0.0
1329,4,0.5,simple,1.15,3,0.61,0.235,1.0,1.0,12.833,39.027,0.0
1330,4,0.5,simple,1.15,5,0.61,0.235,1.0,1.0,12.75,39.049,0.0
1331,4,0.5,simple,1.15,7,0.61,0.235,1.0,1.0,13.0,38.976,0.0
1332,4,0.5,simple,1.2,3,0.61,0.235,1.0,1.0,12.833,39.027,0.0
1333,4,0.5,simple,1.2,5,0.61,0.235,1.0,1.0,12.75,39.049,0.0
1334,4,0.5,simple,1.2,7,0.61,0.235,1.0,1.0,13.0,38.976,0.0
1335,4,0.5,daytime,1.0,3,0.72,0.451,1.0,1.0,12.826,23.16,3.0
1336,4,0.5,daytime,1.0,5,0.72,0.451,1.0,1.0,12.826,23.187,2.0
1337,4,0.5,daytime,1.0,7,0.72,0.451,1.0,1.0,15.174,28.503,3.0
1338,4,0.5,daytime,1.05,3,0.72,0.451,1.0,1.0,13.087,23.185,3.0
1339,4,0.5,daytime,1.05,5,0.72,0.451,1.0,1.0,13.478,23.249,2.0
1340,4,0.5,daytime,1.05,7,0.72,0.451,1.0,1.0,17.87,30.704,3.0
1341,4,0.5,daytime,1.1,3,0.72,0.451,1.0,1.0,19.609,35.628,3.0
1342,4,0.5,daytime,1.1,5,0.71,0.431,1.0,1.0,19.909,36.298,1.0
1343,4,0.5,daytime,1.1,7,0.71,0.431,1.0,1.0,22.227,42.124,2.5
1344,4,0.5,daytime,1.15,3,0.71,0.431,1.0,1.0,24.045,48.276,1.5
1345,4,0.5,daytime,1.15,5,0.69,0.392,1.0,1.0,10.85,23.038,0.0
1346,4,0.5,daytime,1.15,7,0.69,0.392,1.0,1.0,11.0,22.976,1.0
1347,4,0.5,daytime,1.2,3,0.69,0.392,1.0,1.0,17.8,38.628,0.0
1348,4,0.5,daytime,1.2,5,0.68,0.373,1.0,1.0,10.632,23.64,0.0
1349,4,0.5,daytime,1.2,7,0.67,0.353,1.0,1.0,10.278,24.076,0.5
1350,4,0.6,simple,1.0,3,0.5,0.02,1.0,1.0,0.0,0.0,0.0
1351,4,0.6,simple,1.0,5,0.5,0.02,1.0,1.0,0.0,0.0,0.0
1352,4,0.6,simple,1.0,7,0.5,0.02,1.0,1.0,0.0,0.0,0.0
1353,4,0.6,simple,1.05,3,0.5,0.02,1.0,1.0,0.0,0.0,0.0
1354,4,0.6,simple,1.05,5,0.5,0.02,1.0,1.0,0.0,0.0,0.0
1355,4,0.6,simple,1.05,7,0.5,0.02,1.0,1.0,0.0,0.0,0.0
1356,4,0.6,simple,1.1,3,0.5,0.02,1.0,1.0,0.0,0.0,0.0
1357,4,0.6,simple,1.1,5,0.5,0.02,1.0,1.0,0.0,0.0,0.0
1358,4,0.6,simple,1.1,7,0.5,0.02,1.0,1.0,0.0,0.0,0.0
1359,4,0.6,simple,1.15,3,0.5,0.02,1.0,1.0,0.0,0.0,0.0
1360,4,0.6,simple,1.15,5,0.5,0.02,1.0,1.0,0.0,0.0,0.0
1361,4,0.6,simple,1.15,7,0.5,0.02,1.0,1.0,0.0,0.0,0.0
1362,4,0.6,simple,1.2,3,0.5,0.02,1.0,1.0,0.0,0.0,0.0
1363,4,0.6,simple,1.2,5,0.5,0.02,1.0,1.0,0.0,0.0,0.0
1364,4,0.6,simple,1.2,7,0.5,0.02,1.0,1.0,0.0,0.0,0.0
1365,4,0.6,daytime,1.0,3,0.53,0.078,1.0,1.0,17.5,16.83,13.5
1366,4,0.6,daytime,1.0,5,0.53,0.078,1.0,1.0,17.5,16.83,13.5
1367,4,0.6,daytime,1.0,7,0.52,0.059,1.0,1.0,21.667,17.556,22.0
1368,4,0.6,daytime,1.05,3,0.53,0.078,1.0,1.0,17.75,16.649,14.0
1369,4,0.6,daytime,1.05,5,0.52,0.059,1.0,1.0,21.667,17.556,22.0
1370,4,0.6,daytime,1.05,7,0.52,0.059,1.0,1.0,21.667,17.556,22.0
1371,4,0.6,daytime,1.1,3,0.53,0.078,1.0,1.0,18.0,17.029,14.0
1372,4,0.6,daytime,1.1,5,0.52,0.059,1.0,1.0,22.0,17.963,22.0
1373,4,0.6,daytime,1.1,7,0.52,0.059,1.0,1.0,22.0,17.963,22.0
1374,4,0.6,daytime,1.15,3,0.52,0.059,1.0,1.0,22.333,18.373,22.0
1375,4,0.6,daytime,1.15,5,0.52,0.059,1.0,1.0,22.333,18.373,22.0
1376,4,0.6,daytime,1.15,7,0.52,0.059,1.0,1.0,22.333,18.373,22.0
1377,4,0.6,daytime,1.2,3,0.52,0.059,1.0,1.0,22.667,18.785,22.0
1378,4,0.6,daytime,1.2,5,0.52,0.059,1.0,1.0,22.667,18.785,22.0
1379,4,0.6,daytime,1.2,7,0.52,0.059,1.0,1.0,22.667,18.785,22.0
1380,4,0.7,simple,1.0,3,0.49,0.0,1.0,0.0,999999999.0,0.0,999999999.0
1381,4,0.7,simple,1.0,5,0.49,0.0,1.0,0.0,999999999.0,0.0,999999999.0
1382,4,0.7,simple,1.0,7,0.49,0.0,1.0,0.0,999999999.0,0.0,999999999.0
1383,4,0.7,simple,1.05,3,0.49,0.0,1.0,0.0,999999999.0,0.0,999999999.0
1384,4,0.7,simple,1.05,5,0.49,0.0,1.0,0.0,999999999.0,0.0,999999999.0
1385,4,0.7,simple,1.05,7,0.49,0.0,1.0,0.0,999999999.0,0.0,999999999.0
1386,4,0.7,simple,1.1,3,0.49,0.0,1.0,0.0,999999999.0,0.0,999999999.0
1387,4,0.7,simple,1.1,5,0.49,0.0,1.0,0.0,999999999.0,0.0,999999999.0
1388,4,0.7,simple,1.1,7,0.49,0.0,1.0,0.0,999999999.0,0.0,999999999.0
1389,4,0.7,simple,1.15,3,0.49,0.0,1.0,0.0,999999999.0,0.0,999999999.0
1390,4,0.7,simple,1.15,5,0.49,0.0,1.0,0.0,999999999.0,0.0,999999999.0
1391,4,0.7,simple,1.15,7,0.49,0.0,1.0,0.0,999999999.0,0.0,999999999.0
1392,4,0.7,simple,1.2,3,0.49,0.0,1.0,0.0,999999999.0,0.0,999999999.0
1393,4,0.7,simple,1.2,5,0.49,0.0,1.0,0.0,999999999.0,0.0,999999999.0
1394,4,0.7,simple,1.2,7,0.49,0.0,1.0,0.0,999999999.0,0.0,999999999.0
1395,4,0.7,daytime,1.0,3,0.49,0.0,1.0,0.0,999999999.0,0.0,999999999.0
1396,4,0.7,daytime,1.0,5,0.49,0.0,1.0,0.0,999999999.0,0.0,999999999.0
1397,4,0.7,daytime,1.0,7,0.49,0.0,1.0,0.0,999999999.0,0.0,999999999.0
1398,4,0.7,daytime,1.05,3,0.49,0.0,1.0,0.0,999999999.0,0.0,999999999.0
1399,4,0.7,daytime,1.05,5,0.49,0.0,1.0,0.0,999999999.0,0.0,999999999.0
1400,4,0.7,daytime,1.05,7,0.49,0.0,1.0,0.0,999999999.0,0.0,999999999.0
1401,4,0.7,daytime,1.1,3,0.49,0.0,1.0,0.0,999999999.0,0.0,999999999.0
1402,4,0.7,daytime,1.1,5,0.49,0.0,1.0,0.0,999999999.0,0.0,999999999.0
1403,4,0.7,daytime,1.1,7,0.49,0.0,1.0,0.0,999999999.0,0.0,999999999.0
1404,4,0.7,daytime,1.15,3,0.49,0.0,1.0,0.0,999999999.0,0.0,999999999.0
1405,4,0.7,daytime,1.15,5,0.49,0.0,1.0,0.0,999999999.0,0.0,999999999.0
1406,4,0.7,daytime,1.15,7,0.49,0.0,1.0,0.0,999999999.0,0.0,999999999.0
1407,4,0.7,daytime,1.2,3,0.49,0.0,1.0,0.0,999999999.0,0.0,999999999.0
1408,4,0.7,daytime,1.2,5,0.49,0.0,1.0,0.0,999999999.0,0.0,999999999.0
1409,4,0.7,daytime,1.2,7,0.49,0.0,1.0,0.0,999999999.0,0.0,999999999.0
1410,4,0.8,simple,1.0,3,0.49,0.0,1.0,0.0,999999999.0,0.0,999999999.0
1411,4,0.8,simple,1.0,5,0.49,0.0,1.0,0.0,999999999.0,0.0,999999999.0
1412,4,0.8,simple,1.0,7,0.49,0.0,1.0,0.0,999999999.0,0.0,999999999.0
1413,4,0.8,simple,1.05,3,0.49,0.0,1.0,0.0,999999999.0,0.0,999999999.0
1414,4,0.8,simple,1.05,5,0.49,0.0,1.0,0.0,999999999.0,0.0,999999999.0
1415,4,0.8,simple,1.05,7,0.49,0.0,1.0,0.0,999999999.0,0.0,999999999.0
1416,4,0.8,simple,1.1,3,0.49,0.0,1.0,0.0,999999999.0,0.0,999999999.0
1417,4,0.8,simple,1.1,5,0.49,0.0,1.0,0.0,999999999.0,0.0,999999999.0
1418,4,0.8,simple,1.1,7,0.49,0.0,1.0,0.0,999999999.0,0.0,999999999.0
1419,4,0.8,simple,1.15,3,0.49,0.0,1.0,0.0,999999999.0,0.0,999999999.0
1420,4,0.8,simple,1.15,5,0.49,0.0,1.0,0.0,999999999.0,0.0,999999999.0
1421,4,0.8,simple,1.15,7,0.49,0.0,1.0,0.0,999999999.0,0.0,999999999.0
1422,4,0.8,simple,1.2,3,0.49,0.0,1.0,0.0,999999999.0,0.0,999999999.0
1423,4,0.8,simple,1.2,5,0.49,0.0,1.0,0.0,999999999.0,0.0,999999999.0
1424,4,0.8,simple,1.2,7,0.49,0.0,1.0,0.0,999999999.0,0.0,999999999.0
1425,4,0.8,daytime,1.0,3,0.49,0.0,1.0,0.0,999999999.0,0.0,999999999.0
1426,4,0.8,daytime,1.0,5,0.49,0.0,1.0,0.0,999999999.0,0.0,999999999.0
1427,4,0.8,daytime,1.0,7,0.49,0.0,1.0,0.0,999999999.0,0.0,999999999.0
1428,4,0.8,daytime,1.05,3,0.49,0.0,1.0,0.0,999999999.0,0.0,999999999.0
1429,4,0.8,daytime,1.05,5,0.49,0.0,1.0,0.0,999999999.0,0.0,999999999.0
1430,4,0.8,daytime,1.05,7,0.49,0.0,1.0,0.0,999999999.0,0.0,999999999.0
1431,4,0.8,daytime,1.1,3,0.49,0.0,1.0,0.0,999999999.0,0.0,999999999.0
1432,4,0.8,daytime,1.1,5,0.49,0.0,1.0,0.0,999999999.0,0.0,999999999.0
1433,4,0.8,daytime,1.1,7,0.49,0.0,1.0,0.0,999999999.0,0.0,999999999.0
1434,4,0.8,daytime,1.15,3,0.49,0.0,1.0,0.0,999999999.0,0.0,999999999.0
1435,4,0.8,daytime,1.15,5,0.49,0.0,1.0,0.0,999999999.0,0.0,999999999.0
1436,4,0.8,daytime,1.15,7,0.49,0.0,1.0,0.0,999999999.0,0.0,999999999.0
1437,4,0.8,daytime,1.2,3,0.49,0.0,1.0,0.0,999999999.0,0.0,999999999.0
1438,4,0.8,daytime,1.2,5,0.49,0.0,1.0,0.0,999999999.0,0.0,999999999.0
1439,4,0.8,daytime,1.2,7,0.49,0.0,1.0,0.0,999999999.0,0.0,999999999.0
1440,4,0.9,simple,1.0,3,0.49,0.0,1.0,0.0,999999999.0,0.0,999999999.0
1441,4,0.9,simple,1.0,5,0.49,0.0,1.0,0.0,999999999.0,0.0,999999999.0
1442,4,0.9,simple,1.0,7,0.49,0.0,1.0,0.0,999999999.0,0.0,999999999.0
1443,4,0.9,simple,1.05,3,0.49,0.0,1.0,0.0,999999999.0,0.0,999999999.0
1444,4,0.9,simple,1.05,5,0.49,0.0,1.0,0.0,999999999.0,0.0,999999999.0
1445,4,0.9,simple,1.05,7,0.49,0.0,1.0,0.0,999999999.0,0.0,999999999.0
1446,4,0.9,simple,1.1,3,0.49,0.0,1.0,0.0,999999999.0,0.0,999999999.0
1447,4,0.9,simple,1.1,5,0.49,0.0,1.0,0.0,999999999.0,0.0,999999999.0
1448,4,0.9,simple,1.1,7,0.49,0.0,1.0,0.0,999999999.0,0.0,999999999.0
1449,4,0.9,simple,1.15,3,0.49,0.0,1.0,0.0,999999999.0,0.0,999999999.0
1450,4,0.9,simple,1.15,5,0.49,0.0,1.0,0.0,999999999.0,0.0,999999999.0
1451,4,0.9,simple,1.15,7,0.49,0.0,1.0,0.0,999999999.0,0.0,999999999.0
1452,4,0.9,simple,1.2,3,0.49,0.0,1.0,0.0,999999999.0,0.0,999999999.0
1453,4,0.9,simple,1.2,5,0.49,0.0,1.0,0.0,999999999.0,0.0,999999999.0
1454,4,0.9,simple,1.2,7,0.49,0.0,1.0,0.0,999999999.0,0.0,999999999.0
1455,4,0.9,daytime,1.0,3,0.49,0.0,1.0,0.0,999999999.0,0.0,999999999.0
1456,4,0.9,daytime,1.0,5,0.49,0.0,1.0,0.0,999999999.0,0.0,999999999.0
1457,4,0.9,daytime,1.0,7,0.49,0.0,1.0,0.0,999999999.0,0.0,999999999.0
1458,4,0.9,daytime,1.05,3,0.49,0.0,1.0,0.0,999999999.0,0.0,999999999.0
1459,4,0.9,daytime,1.05,5,0.49,0.0,1.0,0.0,999999999.0,0.0,999999999.0
1460,4,0.9,daytime,1.05,7,0.49,0.0,1.0,0.0,999999999.0,0.0,999999999.0
1461,4,0.9,daytime,1.1,3,0.49,0.0,1.0,0.0,999999999.0,0.0,999999999.0
1462,4,0.9,daytime,1.1,5,0.49,0.0,1.0,0.0,999999999.0,0.0,999999999.0
1463,4,0.9,daytime,1.1,7,0.49,0.0,1.0,0.0,999999999.0,0.0,999999999.0
1464,4,0.9,daytime,1.15,3,0.49,0.0,1.0,0.0,999999999.0,0.0,999999999.0
1465,4,0.9,daytime,1.15,5,0.49,0.0,1.0,0.0,999999999.0,0.0,999999999.0
1466,4,0.9,daytime,1.15,7,0.49,0.0,1.0,0.0,999999999.0,0.0,999999999.0
1467,4,0.9,daytime,1.2,3,0.49,0.0,1.0,0.0,999999999.0,0.0,999999999.0
1468,4,0.9,daytime,1.2,5,0.49,0.0,1.0,0.0,999999999.0,0.0,999999999.0
1469,4,0.9,daytime,1.2,7,0.49,0.0,1.0,0.0,999999999.0,0.0,999999999.0
1470,4,1.0,simple,1.0,3,0.49,0.0,1.0,0.0,999999999.0,0.0,999999999.0
1471,4,1.0,simple,1.0,5,0.49,0.0,1.0,0.0,999999999.0,0.0,999999999.0
1472,4,1.0,simple,1.0,7,0.49,0.0,1.0,0.0,999999999.0,0.0,999999999.0
1473,4,1.0,simple,1.05,3,0.49,0.0,1.0,0.0,999999999.0,0.0,999999999.0
1474,4,1.0,simple,1.05,5,0.49,0.0,1.0,0.0,999999999.0,0.0,999999999.0
1475,4,1.0,simple,1.05,7,0.49,0.0,1.0,0.0,999999999.0,0.0,999999999.0
1476,4,1.0,simple,1.1,3,0.49,0.0,1.0,0.0,999999999.0,0.0,999999999.0
1477,4,1.0,simple,1.1,5,0.49,0.0,1.0,0.0,999999999.0,0.0,999999999.0
1478,4,1.0,simple,1.1,7,0.49,0.0,1.0,0.0,999999999.0,0.0,999999999.0
1479,4,1.0,simple,1.15,3,0.49,0.0,1.0,0.0,999999999.0,0.0,999999999.0
1480,4,1.0,simple,1.15,5,0.49,0.0,1.0,0.0,999999999.0,0.0,999999999.0
1481,4,1.0,simple,1.15,7,0.49,0.0,1.0,0.0,999999999.0,0.0,999999999.0
1482,4,1.0,simple,1.2,3,0.49,0.0,1.0,0.0,999999999.0,0.0,999999999.0
1483,4,1.0,simple,1.2,5,0.49,0.0,1.0,0.0,999999999.0,0.0,999999999.0
1484,4,1.0,simple,1.2,7,0.49,0.0,1.0,0.0,999999999.0,0.0,999999999.0
1485,4,1.0,daytime,1.0,3,0.49,0.0,1.0,0.0,999999999.0,0.0,999999999.0
1486,4,1.0,daytime,1.0,5,0.49,0.0,1.0,0.0,999999999.0,0.0,999999999.0
1487,4,1.0,daytime,1.0,7,0.49,0.0,1.0,0.0,999999999.0,0.0,999999999.0
1488,4,1.0,daytime,1.05,3,0.49,0.0,1.0,0.0,999999999.0,0.0,999999999.0
1489,4,1.0,daytime,1.05,5,0.49,0.0,1.0,0.0,999999999.0,0.0,999999999.0
1490,4,1.0,daytime,1.05,7,0.49,0.0,1.0,0.0,999999999.0,0.0,999999999.0
1491,4,1.0,daytime,1.1,3,0.49,0.0,1.0,0.0,999999999.0,0.0,999999999.0
1492,4,1.0,daytime,1.1,5,0.49,0.0,1.0,0.0,999999999.0,0.0,999999999.0
1493,4,1.0,daytime,1.1,7,0.49,0.0,1.0,0.0,999999999.0,0.0,999999999.0
1494,4,1.0,daytime,1.15,3,0.49,0.0,1.0,0.0,999999999.0,0.0,999999999.0
1495,4,1.0,daytime,1.15,5,0.49,0.0,1.0,0.0,999999999.0,0.0,999999999.0
1496,4,1.0,daytime,1.15,7,0.49,0.0,1.0,0.0,999999999.0,0.0,999999999.0
1497,4,1.0,daytime,1.2,3,0.49,0.0,1.0,0.0,999999999.0,0.0,999999999.0
1498,4,1.0,daytime,1.2,5,0.49,0.0,1.0,0.0,999999999.0,0.0,999999999.0
1499,4,1.0,daytime,1.2,7,0.49,0.0,1.0,0.0,999999999.0,0.0,999999999.0
